Workbook

Sheet Actuals
C1: 2026 Actuals
A3: Guest = 1 | B3: Player | C3: Week 1 | D3: Week 2 | E3: Week 3 | F3: Week 4 | G3: Week 5 | H3: Week 6 | I3: Week 7 | J3: Week 8 | K3: Week 9 | L3: Week 10 | M3: Week 11 | N3: Week 12 | O3: Week 13 | P3: Week 14 | Q3: Week 15 | R3: Week 16 | S3: Events Played | T3: Total Strokes | U3: Avg Score
B4: =ModifiedAvg!A4 -> Adrian C | S4: =count(C4:R4) -> 0 | T4: =sum(C4:R4) -> 0 | U4: =iferror(T4/S4,"NA") -> NA
B5: =ModifiedAvg!A5 -> Alan D | S5: =count(C5:R5) -> 0 | T5: =sum(C5:R5) -> 0 | U5: =iferror(T5/S5,"NA") -> NA
B6: =ModifiedAvg!A6 -> Baxter C | S6: =count(C6:R6) -> 0 | T6: =sum(C6:R6) -> 0 | U6: =iferror(T6/S6,"NA") -> NA
B7: =ModifiedAvg!A7 -> Bill Morton | S7: =count(C7:R7) -> 0 | T7: =sum(C7:R7) -> 0 | U7: =iferror(T7/S7,"NA") -> NA
B8: =ModifiedAvg!A8 -> Brian M | C8: 39 | D8: 39 | E8: 42 | S8: =count(C8:R8) -> 3 | T8: =sum(C8:R8) -> 120 | U8: =iferror(T8/S8,"NA") -> 40
B9: =ModifiedAvg!A9 -> Bruce Marburger | C9: 51 | S9: =count(C9:R9) -> 1 | T9: =sum(C9:R9) -> 51 | U9: =iferror(T9/S9,"NA") -> 51
B10: =ModifiedAvg!A10 -> Cole L | S10: =count(C10:R10) -> 0 | T10: =sum(C10:R10) -> 0 | U10: =iferror(T10/S10,"NA") -> NA
A11: 1 | B11: =ModifiedAvg!A11 -> Danny C | S11: =count(C11:R11) -> 0 | T11: =sum(C11:R11) -> 0 | U11: =iferror(T11/S11,"NA") -> NA
A12: 1 | B12: =ModifiedAvg!A12 -> Eddie G | E12: 52 | S12: =count(C12:R12) -> 1 | T12: =sum(C12:R12) -> 52 | U12: =iferror(T12/S12,"NA") -> 52
B13: =ModifiedAvg!A13 -> Grant G | S13: =count(C13:R13) -> 0 | T13: =sum(C13:R13) -> 0 | U13: =iferror(T13/S13,"NA") -> NA
B14: =ModifiedAvg!A14 -> Jeff H | S14: =count(C14:R14) -> 0 | T14: =sum(C14:R14) -> 0 | U14: =iferror(T14/S14,"NA") -> NA
B15: =ModifiedAvg!A15 -> Jenna T | S15: =count(C15:R15) -> 0 | T15: =sum(C15:R15) -> 0 | U15: =iferror(T15/S15,"NA") -> NA
A16: 1 | B16: =ModifiedAvg!A16 -> Jeremy H | S16: =count(C16:R16) -> 0 | T16: =sum(C16:R16) -> 0 | U16: =iferror(T16/S16,"NA") -> NA
B17: =ModifiedAvg!A17 -> Jeremy S | S17: =count(C17:R17) -> 0 | T17: =sum(C17:R17) -> 0 | U17: =iferror(T17/S17,"NA") -> NA
B18: =ModifiedAvg!A18 -> Jon L | C18: 48 | D18: 43 | E18: 45 | S18: =count(C18:R18) -> 3 | T18: =sum(C18:R18) -> 136 | U18: =iferror(T18/S18,"NA") -> 45.333333
B19: =ModifiedAvg!A19 -> Jonah R | D19: 47 | S19: =count(C19:R19) -> 1 | T19: =sum(C19:R19) -> 47 | U19: =iferror(T19/S19,"NA") -> 47
B20: =ModifiedAvg!A20 -> Jordan V | S20: =count(C20:R20) -> 0 | T20: =sum(C20:R20) -> 0 | U20: =iferror(T20/S20,"NA") -> NA
A21: 1 | B21: =ModifiedAvg!A21 -> Kyle N | C21: 41 | D21: 47 | E21: 38 | S21: =count(C21:R21) -> 3 | T21: =sum(C21:R21) -> 126 | U21: =iferror(T21/S21,"NA") -> 42
B22: =ModifiedAvg!A22 -> Laura L | S22: =count(C22:R22) -> 0 | T22: =sum(C22:R22) -> 0 | U22: =iferror(T22/S22,"NA") -> NA
B23: =ModifiedAvg!A23 -> Luke W | E23: 36 | S23: =count(C23:R23) -> 1 | T23: =sum(C23:R23) -> 36 | U23: =iferror(T23/S23,"NA") -> 36
B24: =ModifiedAvg!A24 -> Marc C | C24: 34 | D24: 39 | S24: =count(C24:R24) -> 2 | T24: =sum(C24:R24) -> 73 | U24: =iferror(T24/S24,"NA") -> 36.5
B25: =ModifiedAvg!A25 -> Mark M | C25: 45 | D25: 46 | E25: 46 | S25: =count(C25:R25) -> 3 | T25: =sum(C25:R25) -> 137 | U25: =iferror(T25/S25,"NA") -> 45.666667
B26: =ModifiedAvg!A26 -> Martin R | S26: =count(C26:R26) -> 0 | T26: =sum(C26:R26) -> 0 | U26: =iferror(T26/S26,"NA") -> NA
B27: =ModifiedAvg!A27 -> Minji S | S27: =count(C27:R27) -> 0 | T27: =sum(C27:R27) -> 0 | U27: =iferror(T27/S27,"NA") -> NA
B28: =ModifiedAvg!A28 -> Nate R | C28: 53 | D28: 54 | E28: 53 | S28: =count(C28:R28) -> 3 | T28: =sum(C28:R28) -> 160 | U28: =iferror(T28/S28,"NA") -> 53.333333
B29: =ModifiedAvg!A29 -> Phil J | S29: =count(C29:R29) -> 0 | T29: =sum(C29:R29) -> 0 | U29: =iferror(T29/S29,"NA") -> NA
B30: =ModifiedAvg!A30 -> Preston C | C30: 38 | D30: 43 | E30: 40 | S30: =count(C30:R30) -> 3 | T30: =sum(C30:R30) -> 121 | U30: =iferror(T30/S30,"NA") -> 40.333333
B31: =ModifiedAvg!A31 -> Rich | E31: 44 | S31: =count(C31:R31) -> 1 | T31: =sum(C31:R31) -> 44 | U31: =iferror(T31/S31,"NA") -> 44
B32: =ModifiedAvg!A32 -> Russ B | S32: =count(C32:R32) -> 0 | T32: =sum(C32:R32) -> 0 | U32: =iferror(T32/S32,"NA") -> NA
B33: =ModifiedAvg!A33 -> Russ H | S33: =count(C33:R33) -> 0 | T33: =sum(C33:R33) -> 0 | U33: =iferror(T33/S33,"NA") -> NA
A34: 1 | B34: =ModifiedAvg!A34 -> Ryan R | S34: =count(C34:R34) -> 0 | T34: =sum(C34:R34) -> 0 | U34: =iferror(T34/S34,"NA") -> NA
B35: =ModifiedAvg!A35 -> Scott M | S35: =count(C35:R35) -> 0 | T35: =sum(C35:R35) -> 0 | U35: =iferror(T35/S35,"NA") -> NA
B36: =ModifiedAvg!A36 -> Seth A | S36: =count(C36:R36) -> 0 | T36: =sum(C36:R36) -> 0 | U36: =iferror(T36/S36,"NA") -> NA
B37: =ModifiedAvg!A37 -> Simon R | C37: 36 | S37: =count(C37:R37) -> 1 | T37: =sum(C37:R37) -> 36 | U37: =iferror(T37/S37,"NA") -> 36
B38: =ModifiedAvg!A38 -> Steve S | S38: =count(C38:R38) -> 0 | T38: =sum(C38:R38) -> 0 | U38: =iferror(T38/S38,"NA") -> NA
B39: =ModifiedAvg!A39 -> Tanner Brown | D39: 52 | S39: =count(C39:R39) -> 1 | T39: =sum(C39:R39) -> 52 | U39: =iferror(T39/S39,"NA") -> 52
B40: =ModifiedAvg!A40 -> Tanner Buechele | S40: =count(C40:R40) -> 0 | T40: =sum(C40:R40) -> 0 | U40: =iferror(T40/S40,"NA") -> NA
B41: =ModifiedAvg!A41 -> Thomas Y | S41: =count(C41:R41) -> 0 | T41: =sum(C41:R41) -> 0 | U41: =iferror(T41/S41,"NA") -> NA
B42: =ModifiedAvg!A42 -> Tom B | S42: =count(C42:R42) -> 0 | T42: =sum(C42:R42) -> 0 | U42: =iferror(T42/S42,"NA") -> NA
B43: =ModifiedAvg!A43 -> Tommy | S43: =count(C43:R43) -> 0 | T43: =sum(C43:R43) -> 0 | U43: =iferror(T43/S43,"NA") -> NA
B44: =ModifiedAvg!A44 -> Walt S | C44: 37 | E44: 35 | S44: =count(C44:R44) -> 2 | T44: =sum(C44:R44) -> 72 | U44: =iferror(T44/S44,"NA") -> 36
B45: James D | S45: =count(C45:R45) -> 0 | T45: =sum(C45:R45) -> 0 | U45: =iferror(T45/S45,"NA") -> NA
A46: 1 | B46: =ModifiedAvg!A46 -> Josh Norris | S46: =count(C46:R46) -> 0 | T46: =sum(C46:R46) -> 0 | U46: =iferror(T46/S46,"NA") -> NA
A47: 1 | B47: Simon Sr | S47: =count(C47:R47) -> 0 | T47: =sum(C47:R47) -> 0 | U47: =iferror(T47/S47,"NA") -> NA
B48: Francisco | C48: 46 | D48: 44 | S48: =count(C48:R48) -> 2 | T48: =sum(C48:R48) -> 90 | U48: =iferror(T48/S48,"NA") -> 45
B49: Cam King | C49: 43 | D49: 45 | E49: 45 | S49: =count(C49:R49) -> 3 | T49: =sum(C49:R49) -> 133 | U49: =iferror(T49/S49,"NA") -> 44.333333
B50: Dan K | C50: 47 | E50: 46 | S50: =count(C50:R50) -> 2 | T50: =sum(C50:R50) -> 93 | U50: =iferror(T50/S50,"NA") -> 46.5
B51: =ModifiedAvg!A51 -> Davis | S51: =count(C51:R51) -> 0 | T51: =sum(C51:R51) -> 0 | U51: =iferror(T51/S51,"NA") -> NA
B52: =ModifiedAvg!A52 -> Amanda C | S52: =count(C52:R52) -> 0 | T52: =sum(C52:R52) -> 0 | U52: =iferror(T52/S52,"NA") -> NA
B53: =ModifiedAvg!A53 -> blank9 | S53: =count(C53:R53) -> 0 | T53: =sum(C53:R53) -> 0 | U53: =iferror(T53/S53,"NA") -> NA
B54: =ModifiedAvg!A54 -> blank10 | S54: =count(C54:R54) -> 0 | T54: =sum(C54:R54) -> 0 | U54: =iferror(T54/S54,"NA") -> NA
B55: =ModifiedAvg!A55 -> blank11 | S55: =count(C55:R55) -> 0 | T55: =sum(C55:R55) -> 0 | U55: =iferror(T55/S55,"NA") -> NA
B56: =ModifiedAvg!A56 -> blank12 | S56: =count(C56:R56) -> 0 | T56: =sum(C56:R56) -> 0 | U56: =iferror(T56/S56,"NA") -> NA
B57: =ModifiedAvg!A57 -> blank13 | S57: =count(C57:R57) -> 0 | T57: =sum(C57:R57) -> 0 | U57: =iferror(T57/S57,"NA") -> NA
B58: =ModifiedAvg!A58 -> blank14 | S58: =count(C58:R58) -> 0 | T58: =sum(C58:R58) -> 0 | U58: =iferror(T58/S58,"NA") -> NA
B59: =ModifiedAvg!A59 -> blank15 | S59: =count(C59:R59) -> 0 | T59: =sum(C59:R59) -> 0 | U59: =iferror(T59/S59,"NA") -> NA
B60: =ModifiedAvg!A60 -> blank16 | S60: =count(C60:R60) -> 0 | T60: =sum(C60:R60) -> 0 | U60: =iferror(T60/S60,"NA") -> NA
B61: =ModifiedAvg!A61 -> blank17 | S61: =count(C61:R61) -> 0 | T61: =sum(C61:R61) -> 0 | U61: =iferror(T61/S61,"NA") -> NA
B62: =ModifiedAvg!A62 -> blank18 | S62: =count(C62:R62) -> 0 | T62: =sum(C62:R62) -> 0 | U62: =iferror(T62/S62,"NA") -> NA
... B65: =ModifiedAvg!A65 -> blank21 | S65: =count(C65:R65) -> 0 | T65: =sum(C65:R65) -> 0 | U65: =iferror(T65/S65,"NA") -> NA
B67: League Avg | C67: =if(sum(C4:C65)=0,"",AVERAGEIF(C4:C65,">0",C4:C65)) -> 42.923077 | D67: =if(sum(D4:D65)=0,"",AVERAGEIF(D4:D65,">0",D4:D65)) -> 45.363636 | E67: =if(sum(E4:E65)=0,"",AVERAGEIF(E4:E65,">0",E4:E65)) -> 43.5 | F67: =if(sum(F4:F65)=0,"",AVERAGEIF(F4:F65,">0",F4:F65)) | G67: =if(sum(G4:G65)=0,"",AVERAGEIF(G4:G65,">0",G4:G65)) | H67: =if(sum(H4:H65)=0,"",AVERAGEIF(H4:H65,">0",H4:H65)) | I67: =if(sum(I4:I65)=0,"",AVERAGEIF(I4:I65,">0",I4:I65)) | J67: =if(sum(J4:J65)=0,"",AVERAGEIF(J4:J65,">0",J4:J65)) | ... R67: =if(sum(R4:R65)=0,"",AVERAGEIF(R4:R65,">0",R4:R65))
B68: Players | C68: =count(C4:C65) -> 13 | D68: =count(D4:D65) -> 11 | E68: =count(E4:E65) -> 12 | F68: =count(F4:F65) -> 0 | G68: =count(G4:G65) -> 0 | H68: =count(H4:H65) -> 0 | I68: =count(I4:I65) -> 0 | J68: =count(J4:J65) -> 0 | ... R68: =count(R4:R65) -> 0
B69: Audit | C69: =C68-MoneyStandings!D4 -> 0 | D69: =D$68-MoneyStandings!$D5 -> 0 | E69: =E$68-MoneyStandings!$D6 -> 0 | F69: =F$68-MoneyStandings!$D7 -> 0 | G69: =G$68-MoneyStandings!$D8 -> 0 | H69: =H$68-MoneyStandings!$D9 -> 0 | I69: =I$68-MoneyStandings!$D10 -> 0 | J69: =J$68-MoneyStandings!$D11 -> 0 | K69: =K$68-MoneyStandings!$D12 -> 0 | L69: =L$68-MoneyStandings!$D13 -> 0 | M69: =M$68-MoneyStandings!$D14 -> 0 | N69: =N$68-MoneyStandings!$D15 -> 0 | O69: =O$68-MoneyStandings!$D16 -> 0 | P69: =P$68-MoneyStandings!$D17 -> 0 | Q69: =Q$68-MoneyStandings!$D18 -> 0 | R69: =R$68-MoneyStandings!$D19 -> 0

Sheet NetScores
B1: 2026 Weekly Net Score
A3: Player | B3: Week 1 | C3: Week 2 | D3: Week 3 | E3: Week 4 | F3: Week 5 | G3: Week 6 | H3: Week 7 | I3: Week 8 | J3: Week 9 | K3: Week 10 | L3: Week 11 | M3: Week 12 | N3: Week 13 | O3: Week 14 | P3: Week 15 | Q3: Week 16
A4: =Actuals!B4 -> Adrian C | B4: =if(Actuals!C4 = "", "",Actuals!C4 + Strokes!B4) | C4: =if(Actuals!D4 = "", "",Actuals!D4 + Strokes!C4) | D4: =if(Actuals!E4 = "", "",Actuals!E4 + Strokes!D4) | E4: =if(Actuals!F4 = "", "",Actuals!F4 + Strokes!E4) | F4: =if(Actuals!G4 = "", "",Actuals!G4 + Strokes!F4) | G4: =if(Actuals!H4 = "", "",Actuals!H4 + Strokes!G4) | H4: =if(Actuals!I4 = "", "",Actuals!I4 + Strokes!H4) | I4: =if(Actuals!J4 = "", "",Actuals!J4 + Strokes!I4) | ... Q4: =if(Actuals!R4 = "", "",Actuals!R4 + Strokes!Q4)
A5: =Actuals!B5 -> Alan D | B5: =if(Actuals!C5 = "", "",Actuals!C5 + Strokes!B5) | C5: =if(Actuals!D5 = "", "",Actuals!D5 + Strokes!C5) | D5: =if(Actuals!E5 = "", "",Actuals!E5 + Strokes!D5) | E5: =if(Actuals!F5 = "", "",Actuals!F5 + Strokes!E5) | F5: =if(Actuals!G5 = "", "",Actuals!G5 + Strokes!F5) | G5: =if(Actuals!H5 = "", "",Actuals!H5 + Strokes!G5) | H5: =if(Actuals!I5 = "", "",Actuals!I5 + Strokes!H5) | I5: =if(Actuals!J5 = "", "",Actuals!J5 + Strokes!I5) | ... Q5: =if(Actuals!R5 = "", "",Actuals!R5 + Strokes!Q5)
A6: =Actuals!B6 -> Baxter C | B6: =if(Actuals!C6 = "", "",Actuals!C6 + Strokes!B6) | C6: =if(Actuals!D6 = "", "",Actuals!D6 + Strokes!C6) | D6: =if(Actuals!E6 = "", "",Actuals!E6 + Strokes!D6) | E6: =if(Actuals!F6 = "", "",Actuals!F6 + Strokes!E6) | F6: =if(Actuals!G6 = "", "",Actuals!G6 + Strokes!F6) | G6: =if(Actuals!H6 = "", "",Actuals!H6 + Strokes!G6) | H6: =if(Actuals!I6 = "", "",Actuals!I6 + Strokes!H6) | I6: =if(Actuals!J6 = "", "",Actuals!J6 + Strokes!I6) | ... Q6: =if(Actuals!R6 = "", "",Actuals!R6 + Strokes!Q6)
A7: =Actuals!B7 -> Bill Morton | B7: =if(Actuals!C7 = "", "",Actuals!C7 + Strokes!B7) | C7: =if(Actuals!D7 = "", "",Actuals!D7 + Strokes!C7) | D7: =if(Actuals!E7 = "", "",Actuals!E7 + Strokes!D7) | E7: =if(Actuals!F7 = "", "",Actuals!F7 + Strokes!E7) | F7: =if(Actuals!G7 = "", "",Actuals!G7 + Strokes!F7) | G7: =if(Actuals!H7 = "", "",Actuals!H7 + Strokes!G7) | H7: =if(Actuals!I7 = "", "",Actuals!I7 + Strokes!H7) | I7: =if(Actuals!J7 = "", "",Actuals!J7 + Strokes!I7) | ... Q7: =if(Actuals!R7 = "", "",Actuals!R7 + Strokes!Q7)
A8: =Actuals!B8 -> Brian M | B8: =if(Actuals!C8 = "", "",Actuals!C8 + Strokes!B8) -> 32.7 | C8: =if(Actuals!D8 = "", "",Actuals!D8 + Strokes!C8) -> 34.7 | D8: =if(Actuals!E8 = "", "",Actuals!E8 + Strokes!D8) -> 37.6 | E8: =if(Actuals!F8 = "", "",Actuals!F8 + Strokes!E8) | F8: =if(Actuals!G8 = "", "",Actuals!G8 + Strokes!F8) | G8: =if(Actuals!H8 = "", "",Actuals!H8 + Strokes!G8) | H8: =if(Actuals!I8 = "", "",Actuals!I8 + Strokes!H8) | I8: =if(Actuals!J8 = "", "",Actuals!J8 + Strokes!I8) | ... Q8: =if(Actuals!R8 = "", "",Actuals!R8 + Strokes!Q8)
A9: =Actuals!B9 -> Bruce Marburger | B9: =if(Actuals!C9 = "", "",Actuals!C9 + Strokes!B9) -> 38.1 | C9: =if(Actuals!D9 = "", "",Actuals!D9 + Strokes!C9) | D9: =if(Actuals!E9 = "", "",Actuals!E9 + Strokes!D9) | E9: =if(Actuals!F9 = "", "",Actuals!F9 + Strokes!E9) | F9: =if(Actuals!G9 = "", "",Actuals!G9 + Strokes!F9) | G9: =if(Actuals!H9 = "", "",Actuals!H9 + Strokes!G9) | H9: =if(Actuals!I9 = "", "",Actuals!I9 + Strokes!H9) | I9: =if(Actuals!J9 = "", "",Actuals!J9 + Strokes!I9) | ... Q9: =if(Actuals!R9 = "", "",Actuals!R9 + Strokes!Q9)
A10: =Actuals!B10 -> Cole L | B10: =if(Actuals!C10 = "", "",Actuals!C10 + Strokes!B10) | C10: =if(Actuals!D10 = "", "",Actuals!D10 + Strokes!C10) | D10: =if(Actuals!E10 = "", "",Actuals!E10 + Strokes!D10) | E10: =if(Actuals!F10 = "", "",Actuals!F10 + Strokes!E10) | F10: =if(Actuals!G10 = "", "",Actuals!G10 + Strokes!F10) | G10: =if(Actuals!H10 = "", "",Actuals!H10 + Strokes!G10) | H10: =if(Actuals!I10 = "", "",Actuals!I10 + Strokes!H10) | I10: =if(Actuals!J10 = "", "",Actuals!J10 + Strokes!I10) | ... Q10: =if(Actuals!R10 = "", "",Actuals!R10 + Strokes!Q10)
A11: =Actuals!B11 -> Danny C | B11: =if(Actuals!C11 = "", "",Actuals!C11 + Strokes!B11) | C11: =if(Actuals!D11 = "", "",Actuals!D11 + Strokes!C11) | D11: =if(Actuals!E11 = "", "",Actuals!E11 + Strokes!D11) | E11: =if(Actuals!F11 = "", "",Actuals!F11 + Strokes!E11) | F11: =if(Actuals!G11 = "", "",Actuals!G11 + Strokes!F11) | G11: =if(Actuals!H11 = "", "",Actuals!H11 + Strokes!G11) | H11: =if(Actuals!I11 = "", "",Actuals!I11 + Strokes!H11) | I11: =if(Actuals!J11 = "", "",Actuals!J11 + Strokes!I11) | ... Q11: =if(Actuals!R11 = "", "",Actuals!R11 + Strokes!Q11)
A12: =Actuals!B12 -> Eddie G | B12: =if(Actuals!C12 = "", "",Actuals!C12 + Strokes!B12) | C12: =if(Actuals!D12 = "", "",Actuals!D12 + Strokes!C12) | D12: =if(Actuals!E12 = "", "",Actuals!E12 + Strokes!D12) -> 44.5 | E12: =if(Actuals!F12 = "", "",Actuals!F12 + Strokes!E12) | F12: =if(Actuals!G12 = "", "",Actuals!G12 + Strokes!F12) | G12: =if(Actuals!H12 = "", "",Actuals!H12 + Strokes!G12) | H12: =if(Actuals!I12 = "", "",Actuals!I12 + Strokes!H12) | I12: =if(Actuals!J12 = "", "",Actuals!J12 + Strokes!I12) | ... Q12: =if(Actuals!R12 = "", "",Actuals!R12 + Strokes!Q12)
A13: =Actuals!B13 -> Grant G | B13: =if(Actuals!C13 = "", "",Actuals!C13 + Strokes!B13) | C13: =if(Actuals!D13 = "", "",Actuals!D13 + Strokes!C13) | D13: =if(Actuals!E13 = "", "",Actuals!E13 + Strokes!D13) | E13: =if(Actuals!F13 = "", "",Actuals!F13 + Strokes!E13) | F13: =if(Actuals!G13 = "", "",Actuals!G13 + Strokes!F13) | G13: =if(Actuals!H13 = "", "",Actuals!H13 + Strokes!G13) | H13: =if(Actuals!I13 = "", "",Actuals!I13 + Strokes!H13) | I13: =if(Actuals!J13 = "", "",Actuals!J13 + Strokes!I13) | ... Q13: =if(Actuals!R13 = "", "",Actuals!R13 + Strokes!Q13)
A14: =Actuals!B14 -> Jeff H | B14: =if(Actuals!C14 = "", "",Actuals!C14 + Strokes!B14) | C14: =if(Actuals!D14 = "", "",Actuals!D14 + Strokes!C14) | D14: =if(Actuals!E14 = "", "",Actuals!E14 + Strokes!D14) | E14: =if(Actuals!F14 = "", "",Actuals!F14 + Strokes!E14) | F14: =if(Actuals!G14 = "", "",Actuals!G14 + Strokes!F14) | G14: =if(Actuals!H14 = "", "",Actuals!H14 + Strokes!G14) | H14: =if(Actuals!I14 = "", "",Actuals!I14 + Strokes!H14) | I14: =if(Actuals!J14 = "", "",Actuals!J14 + Strokes!I14) | ... Q14: =if(Actuals!R14 = "", "",Actuals!R14 + Strokes!Q14)
A15: =Actuals!B15 -> Jenna T | B15: =if(Actuals!C15 = "", "",Actuals!C15 + Strokes!B15) | C15: =if(Actuals!D15 = "", "",Actuals!D15 + Strokes!C15) | D15: =if(Actuals!E15 = "", "",Actuals!E15 + Strokes!D15) | E15: =if(Actuals!F15 = "", "",Actuals!F15 + Strokes!E15) | F15: =if(Actuals!G15 = "", "",Actuals!G15 + Strokes!F15) | G15: =if(Actuals!H15 = "", "",Actuals!H15 + Strokes!G15) | H15: =if(Actuals!I15 = "", "",Actuals!I15 + Strokes!H15) | I15: =if(Actuals!J15 = "", "",Actuals!J15 + Strokes!I15) | ... Q15: =if(Actuals!R15 = "", "",Actuals!R15 + Strokes!Q15)
... A65: =Actuals!B65 -> blank21 | B65: =if(Actuals!C65 = "", "",Actuals!C65 + Strokes!B65) | C65: =if(Actuals!D65 = "", "",Actuals!D65 + Strokes!C65) | D65: =if(Actuals!E65 = "", "",Actuals!E65 + Strokes!D65) | E65: =if(Actuals!F65 = "", "",Actuals!F65 + Strokes!E65) | F65: =if(Actuals!G65 = "", "",Actuals!G65 + Strokes!F65) | G65: =if(Actuals!H65 = "", "",Actuals!H65 + Strokes!G65) | H65: =if(Actuals!I65 = "", "",Actuals!I65 + Strokes!H65) | I65: =if(Actuals!J65 = "", "",Actuals!J65 + Strokes!I65) | ... Q65: =if(Actuals!R65 = "", "",Actuals!R65 + Strokes!Q65)
A68: Low Net | B68: =min(B4:B64) -> 31.7 | C68: =min(C4:C64) -> 34.7 | D68: =min(D4:D64) -> 31.3 | E68: =min(E4:E64) -> 0 | F68: =min(F4:F64) -> 0 | G68: =min(G4:G64) -> 0 | H68: =min(H4:H64) -> 0 | I68: =min(I4:I64) -> 0 | ... Q68: =min(Q4:Q64) -> 0

Sheet Points
B1: 2026 Points
B2: 46094 | C2: 46100 | D2: =C2+7 -> 46107 | E2: =D2+7 -> 46114 | F2: =E2+7 -> 46121 | G2: =F2+7 -> 46128 | H2: =G2+7 -> 46135 | I2: =H2+7 -> 46142 | J2: =I2+7 -> 46149 | K2: =J2+7 -> 46156 | ... M2: =L2+7 -> 46170 | N2: 45848 | O2: =N2+7 -> 45855 | P2: =O2+7 -> 45862 | Q2: 45869
A3: Place Power | B3: 1 | C3: 1 | D3: 1 | E3: 1 | F3: 2 | G3: 1 | H3: 1 | I3: 1 | J3: 1 | K3: 1 | L3: 1 | M3: 1 | N3: 1 | O3: 1 | P3: 1 | Q3: 1
A4: Player | B4: Week 1 | C4: Week 2 | D4: Week 3 | E4: Week 4 | F4: Masters | G4: Week 6 | H4: Week 7 | I4: Week 8 | J4: Week 9 | K4: Week 10 | L4: Week 11 | M4: Week 12 | N4: Week 13 | O4: Week 14 | P4: Week 15 | Q4: Week 16 | R4: Total | S4: Rank | T4: Events | U4: P/E | V4: Wins | W4: Top 3's | X4: Top 5's | Y4: Strokes 2024 | AA4: Place | AB4: Points
A5: =Actuals!B4 -> Adrian C | B5: =if( Actuals!$A4=1,0,(IF(WeeklyRankPoints!B4 > 10,0,(IF(WeeklyRankPoints!B4 = 0,0,VLOOKUP(WeeklyRankPoints!B4,$AA$5:$AB$14,2))*B$3)) + IF(Actuals!C4 = "",0,10))) -> 0 | C5: =if( Actuals!$A4=1,0,(IF(WeeklyRankPoints!C4 > 10,0,(IF(WeeklyRankPoints!C4 = 0,0,VLOOKUP(WeeklyRankPoints!C4,$AA$5:$AB$14,2))*C$3)) + IF(Actuals!D4 = "",0,10))) -> 0 | D5: =if( Actuals!$A4=1,0,(IF(WeeklyRankPoints!D4 > 10,0,(IF(WeeklyRankPoints!D4 = 0,0,VLOOKUP(WeeklyRankPoints!D4,$AA$5:$AB$14,2))*D$3)) + IF(Actuals!E4 = "",0,10))) -> 0 | E5: =if( Actuals!$A4=1,0,(IF(WeeklyRankPoints!E4 > 10,0,(IF(WeeklyRankPoints!E4 = 0,0,VLOOKUP(WeeklyRankPoints!E4,$AA$5:$AB$14,2))*E$3)) + IF(Actuals!F4 = "",0,10))) -> 0 | F5: =if( Actuals!$A4=1,0,(IF(WeeklyRankPoints!F4 > 10,0,(IF(WeeklyRankPoints!F4 = 0,0,VLOOKUP(WeeklyRankPoints!F4,$AA$5:$AB$14,2))*F$3)) + IF(Actuals!G4 = "",0,10))) -> 0 | G5: =if( Actuals!$A4=1,0,(IF(WeeklyRankPoints!G4 > 10,0,(IF(WeeklyRankPoints!G4 = 0,0,VLOOKUP(WeeklyRankPoints!G4,$AA$5:$AB$14,2))*G$3)) + IF(Actuals!H4 = "",0,10))) -> 0 | H5: =if( Actuals!$A4=1,0,(IF(WeeklyRankPoints!H4 > 10,0,(IF(WeeklyRankPoints!H4 = 0,0,VLOOKUP(WeeklyRankPoints!H4,$AA$5:$AB$14,2))*H$3)) + IF(Actuals!I4 = "",0,10))) -> 0 | I5: =if( Actuals!$A4=1,0,(IF(WeeklyRankPoints!I4 > 10,0,(IF(WeeklyRankPoints!I4 = 0,0,VLOOKUP(WeeklyRankPoints!I4,$AA$5:$AB$14,2))*I$3)) + IF(Actuals!J4 = "",0,10))) -> 0 | ... Q5: =if( Actuals!$A4=1,0,(IF(WeeklyRankPoints!Q4 > 10,0,(IF(WeeklyRankPoints!Q4 = 0,0,VLOOKUP(WeeklyRankPoints!Q4,$AA$5:$AB$14,2))*Q$3)) + IF(Actuals!R4 = "",0,10))) -> 0 | R5: =SUM(B5:Q5) -> 0 | S5: =RANK(R5,R$5:R$66) -> 17 | T5: =COUNT(Actuals!C4:R4) -> 0 | U5: =IF(T5>0,R5/T5,0) -> 0 | V5: =WeeklyRankMoney!R4 -> 0 | W5: =WeeklyRankMoney!S4 -> 0 | X5: =WeeklyRankMoney!T4 -> 0 | Y5: =Strokes!Q4 -> -4.1 | AA5: 1 | AB5: 120 | AD5: 1 | AE5: 43181
A6: =Actuals!B5 -> Alan D | B6: =if( Actuals!$A5=1,0,(IF(WeeklyRankPoints!B5 > 10,0,(IF(WeeklyRankPoints!B5 = 0,0,VLOOKUP(WeeklyRankPoints!B5,$AA$5:$AB$14,2))*B$3)) + IF(Actuals!C5 = "",0,10))) -> 0 | C6: =if( Actuals!$A5=1,0,(IF(WeeklyRankPoints!C5 > 10,0,(IF(WeeklyRankPoints!C5 = 0,0,VLOOKUP(WeeklyRankPoints!C5,$AA$5:$AB$14,2))*C$3)) + IF(Actuals!D5 = "",0,10))) -> 0 | D6: =if( Actuals!$A5=1,0,(IF(WeeklyRankPoints!D5 > 10,0,(IF(WeeklyRankPoints!D5 = 0,0,VLOOKUP(WeeklyRankPoints!D5,$AA$5:$AB$14,2))*D$3)) + IF(Actuals!E5 = "",0,10))) -> 0 | E6: =if( Actuals!$A5=1,0,(IF(WeeklyRankPoints!E5 > 10,0,(IF(WeeklyRankPoints!E5 = 0,0,VLOOKUP(WeeklyRankPoints!E5,$AA$5:$AB$14,2))*E$3)) + IF(Actuals!F5 = "",0,10))) -> 0 | F6: =if( Actuals!$A5=1,0,(IF(WeeklyRankPoints!F5 > 10,0,(IF(WeeklyRankPoints!F5 = 0,0,VLOOKUP(WeeklyRankPoints!F5,$AA$5:$AB$14,2))*F$3)) + IF(Actuals!G5 = "",0,10))) -> 0 | G6: =if( Actuals!$A5=1,0,(IF(WeeklyRankPoints!G5 > 10,0,(IF(WeeklyRankPoints!G5 = 0,0,VLOOKUP(WeeklyRankPoints!G5,$AA$5:$AB$14,2))*G$3)) + IF(Actuals!H5 = "",0,10))) -> 0 | H6: =if( Actuals!$A5=1,0,(IF(WeeklyRankPoints!H5 > 10,0,(IF(WeeklyRankPoints!H5 = 0,0,VLOOKUP(WeeklyRankPoints!H5,$AA$5:$AB$14,2))*H$3)) + IF(Actuals!I5 = "",0,10))) -> 0 | I6: =if( Actuals!$A5=1,0,(IF(WeeklyRankPoints!I5 > 10,0,(IF(WeeklyRankPoints!I5 = 0,0,VLOOKUP(WeeklyRankPoints!I5,$AA$5:$AB$14,2))*I$3)) + IF(Actuals!J5 = "",0,10))) -> 0 | ... Q6: =if( Actuals!$A5=1,0,(IF(WeeklyRankPoints!Q5 > 10,0,(IF(WeeklyRankPoints!Q5 = 0,0,VLOOKUP(WeeklyRankPoints!Q5,$AA$5:$AB$14,2))*Q$3)) + IF(Actuals!R5 = "",0,10))) -> 0 | R6: =SUM(B6:Q6) -> 0 | S6: =RANK(R6,R$5:R$66) -> 17 | T6: =COUNT(Actuals!C5:R5) -> 0 | U6: =IF(T6>0,R6/T6,0) -> 0 | V6: =WeeklyRankMoney!R5 -> 0 | W6: =WeeklyRankMoney!S5 -> 0 | X6: =WeeklyRankMoney!T5 -> 0 | Y6: =Strokes!Q5 -> 0.8 | AA6: 2 | AB6: 90 | AD6: 2 | AE6: 43188
A7: =Actuals!B6 -> Baxter C | B7: =if( Actuals!$A6=1,0,(IF(WeeklyRankPoints!B6 > 10,0,(IF(WeeklyRankPoints!B6 = 0,0,VLOOKUP(WeeklyRankPoints!B6,$AA$5:$AB$14,2))*B$3)) + IF(Actuals!C6 = "",0,10))) -> 0 | C7: =if( Actuals!$A6=1,0,(IF(WeeklyRankPoints!C6 > 10,0,(IF(WeeklyRankPoints!C6 = 0,0,VLOOKUP(WeeklyRankPoints!C6,$AA$5:$AB$14,2))*C$3)) + IF(Actuals!D6 = "",0,10))) -> 0 | D7: =if( Actuals!$A6=1,0,(IF(WeeklyRankPoints!D6 > 10,0,(IF(WeeklyRankPoints!D6 = 0,0,VLOOKUP(WeeklyRankPoints!D6,$AA$5:$AB$14,2))*D$3)) + IF(Actuals!E6 = "",0,10))) -> 0 | E7: =if( Actuals!$A6=1,0,(IF(WeeklyRankPoints!E6 > 10,0,(IF(WeeklyRankPoints!E6 = 0,0,VLOOKUP(WeeklyRankPoints!E6,$AA$5:$AB$14,2))*E$3)) + IF(Actuals!F6 = "",0,10))) -> 0 | F7: =if( Actuals!$A6=1,0,(IF(WeeklyRankPoints!F6 > 10,0,(IF(WeeklyRankPoints!F6 = 0,0,VLOOKUP(WeeklyRankPoints!F6,$AA$5:$AB$14,2))*F$3)) + IF(Actuals!G6 = "",0,10))) -> 0 | G7: =if( Actuals!$A6=1,0,(IF(WeeklyRankPoints!G6 > 10,0,(IF(WeeklyRankPoints!G6 = 0,0,VLOOKUP(WeeklyRankPoints!G6,$AA$5:$AB$14,2))*G$3)) + IF(Actuals!H6 = "",0,10))) -> 0 | H7: =if( Actuals!$A6=1,0,(IF(WeeklyRankPoints!H6 > 10,0,(IF(WeeklyRankPoints!H6 = 0,0,VLOOKUP(WeeklyRankPoints!H6,$AA$5:$AB$14,2))*H$3)) + IF(Actuals!I6 = "",0,10))) -> 0 | I7: =if( Actuals!$A6=1,0,(IF(WeeklyRankPoints!I6 > 10,0,(IF(WeeklyRankPoints!I6 = 0,0,VLOOKUP(WeeklyRankPoints!I6,$AA$5:$AB$14,2))*I$3)) + IF(Actuals!J6 = "",0,10))) -> 0 | ... Q7: =if( Actuals!$A6=1,0,(IF(WeeklyRankPoints!Q6 > 10,0,(IF(WeeklyRankPoints!Q6 = 0,0,VLOOKUP(WeeklyRankPoints!Q6,$AA$5:$AB$14,2))*Q$3)) + IF(Actuals!R6 = "",0,10))) -> 0 | R7: =SUM(B7:Q7) -> 0 | S7: =RANK(R7,R$5:R$66) -> 17 | T7: =COUNT(Actuals!C6:R6) -> 0 | U7: =IF(T7>0,R7/T7,0) -> 0 | V7: =WeeklyRankMoney!R6 -> 0 | W7: =WeeklyRankMoney!S6 -> 0 | X7: =WeeklyRankMoney!T6 -> 0 | Y7: =Strokes!Q6 -> 0 | AA7: 3 | AB7: 65 | AD7: 3 | AE7: 43195
A8: =Actuals!B7 -> Bill Morton | B8: =if( Actuals!$A7=1,0,(IF(WeeklyRankPoints!B7 > 10,0,(IF(WeeklyRankPoints!B7 = 0,0,VLOOKUP(WeeklyRankPoints!B7,$AA$5:$AB$14,2))*B$3)) + IF(Actuals!C7 = "",0,10))) -> 0 | C8: =if( Actuals!$A7=1,0,(IF(WeeklyRankPoints!C7 > 10,0,(IF(WeeklyRankPoints!C7 = 0,0,VLOOKUP(WeeklyRankPoints!C7,$AA$5:$AB$14,2))*C$3)) + IF(Actuals!D7 = "",0,10))) -> 0 | D8: =if( Actuals!$A7=1,0,(IF(WeeklyRankPoints!D7 > 10,0,(IF(WeeklyRankPoints!D7 = 0,0,VLOOKUP(WeeklyRankPoints!D7,$AA$5:$AB$14,2))*D$3)) + IF(Actuals!E7 = "",0,10))) -> 0 | E8: =if( Actuals!$A7=1,0,(IF(WeeklyRankPoints!E7 > 10,0,(IF(WeeklyRankPoints!E7 = 0,0,VLOOKUP(WeeklyRankPoints!E7,$AA$5:$AB$14,2))*E$3)) + IF(Actuals!F7 = "",0,10))) -> 0 | F8: =if( Actuals!$A7=1,0,(IF(WeeklyRankPoints!F7 > 10,0,(IF(WeeklyRankPoints!F7 = 0,0,VLOOKUP(WeeklyRankPoints!F7,$AA$5:$AB$14,2))*F$3)) + IF(Actuals!G7 = "",0,10))) -> 0 | G8: =if( Actuals!$A7=1,0,(IF(WeeklyRankPoints!G7 > 10,0,(IF(WeeklyRankPoints!G7 = 0,0,VLOOKUP(WeeklyRankPoints!G7,$AA$5:$AB$14,2))*G$3)) + IF(Actuals!H7 = "",0,10))) -> 0 | H8: =if( Actuals!$A7=1,0,(IF(WeeklyRankPoints!H7 > 10,0,(IF(WeeklyRankPoints!H7 = 0,0,VLOOKUP(WeeklyRankPoints!H7,$AA$5:$AB$14,2))*H$3)) + IF(Actuals!I7 = "",0,10))) -> 0 | I8: =if( Actuals!$A7=1,0,(IF(WeeklyRankPoints!I7 > 10,0,(IF(WeeklyRankPoints!I7 = 0,0,VLOOKUP(WeeklyRankPoints!I7,$AA$5:$AB$14,2))*I$3)) + IF(Actuals!J7 = "",0,10))) -> 0 | ... Q8: =if( Actuals!$A7=1,0,(IF(WeeklyRankPoints!Q7 > 10,0,(IF(WeeklyRankPoints!Q7 = 0,0,VLOOKUP(WeeklyRankPoints!Q7,$AA$5:$AB$14,2))*Q$3)) + IF(Actuals!R7 = "",0,10))) -> 0 | R8: =SUM(B8:Q8) -> 0 | S8: =RANK(R8,R$5:R$66) -> 17 | T8: =COUNT(Actuals!C7:R7) -> 0 | U8: =IF(T8>0,R8/T8,0) -> 0 | V8: =WeeklyRankMoney!R7 -> 0 | W8: =WeeklyRankMoney!S7 -> 0 | X8: =WeeklyRankMoney!T7 -> 0 | Y8: =Strokes!Q7 -> -9.5 | AA8: 4 | AB8: 45 | AD8: 4 | AE8: 43202
A9: =Actuals!B8 -> Brian M | B9: =if( Actuals!$A8=1,0,(IF(WeeklyRankPoints!B8 > 10,0,(IF(WeeklyRankPoints!B8 = 0,0,VLOOKUP(WeeklyRankPoints!B8,$AA$5:$AB$14,2))*B$3)) + IF(Actuals!C8 = "",0,10))) -> 100 | C9: =if( Actuals!$A8=1,0,(IF(WeeklyRankPoints!C8 > 10,0,(IF(WeeklyRankPoints!C8 = 0,0,VLOOKUP(WeeklyRankPoints!C8,$AA$5:$AB$14,2))*C$3)) + IF(Actuals!D8 = "",0,10))) -> 130 | D9: =if( Actuals!$A8=1,0,(IF(WeeklyRankPoints!D8 > 10,0,(IF(WeeklyRankPoints!D8 = 0,0,VLOOKUP(WeeklyRankPoints!D8,$AA$5:$AB$14,2))*D$3)) + IF(Actuals!E8 = "",0,10))) -> 22 | E9: =if( Actuals!$A8=1,0,(IF(WeeklyRankPoints!E8 > 10,0,(IF(WeeklyRankPoints!E8 = 0,0,VLOOKUP(WeeklyRankPoints!E8,$AA$5:$AB$14,2))*E$3)) + IF(Actuals!F8 = "",0,10))) -> 0 | F9: =if( Actuals!$A8=1,0,(IF(WeeklyRankPoints!F8 > 10,0,(IF(WeeklyRankPoints!F8 = 0,0,VLOOKUP(WeeklyRankPoints!F8,$AA$5:$AB$14,2))*F$3)) + IF(Actuals!G8 = "",0,10))) -> 0 | G9: =if( Actuals!$A8=1,0,(IF(WeeklyRankPoints!G8 > 10,0,(IF(WeeklyRankPoints!G8 = 0,0,VLOOKUP(WeeklyRankPoints!G8,$AA$5:$AB$14,2))*G$3)) + IF(Actuals!H8 = "",0,10))) -> 0 | H9: =if( Actuals!$A8=1,0,(IF(WeeklyRankPoints!H8 > 10,0,(IF(WeeklyRankPoints!H8 = 0,0,VLOOKUP(WeeklyRankPoints!H8,$AA$5:$AB$14,2))*H$3)) + IF(Actuals!I8 = "",0,10))) -> 0 | I9: =if( Actuals!$A8=1,0,(IF(WeeklyRankPoints!I8 > 10,0,(IF(WeeklyRankPoints!I8 = 0,0,VLOOKUP(WeeklyRankPoints!I8,$AA$5:$AB$14,2))*I$3)) + IF(Actuals!J8 = "",0,10))) -> 0 | ... Q9: =if( Actuals!$A8=1,0,(IF(WeeklyRankPoints!Q8 > 10,0,(IF(WeeklyRankPoints!Q8 = 0,0,VLOOKUP(WeeklyRankPoints!Q8,$AA$5:$AB$14,2))*Q$3)) + IF(Actuals!R8 = "",0,10))) -> 0 | R9: =SUM(B9:Q9) -> 252 | S9: =RANK(R9,R$5:R$66) -> 1 | T9: =COUNT(Actuals!C8:R8) -> 3 | U9: =IF(T9>0,R9/T9,0) -> 84 | V9: =WeeklyRankMoney!R8 -> 1 | W9: =WeeklyRankMoney!S8 -> 2 | X9: =WeeklyRankMoney!T8 -> 2 | Y9: =Strokes!Q8 -> -3.5 | AA9: 5 | AB9: 30 | AD9: 5 | AE9: 43209
A10: =Actuals!B9 -> Bruce Marburger | B10: =if( Actuals!$A9=1,0,(IF(WeeklyRankPoints!B9 > 10,0,(IF(WeeklyRankPoints!B9 = 0,0,VLOOKUP(WeeklyRankPoints!B9,$AA$5:$AB$14,2))*B$3)) + IF(Actuals!C9 = "",0,10))) -> 16 | C10: =if( Actuals!$A9=1,0,(IF(WeeklyRankPoints!C9 > 10,0,(IF(WeeklyRankPoints!C9 = 0,0,VLOOKUP(WeeklyRankPoints!C9,$AA$5:$AB$14,2))*C$3)) + IF(Actuals!D9 = "",0,10))) -> 0 | D10: =if( Actuals!$A9=1,0,(IF(WeeklyRankPoints!D9 > 10,0,(IF(WeeklyRankPoints!D9 = 0,0,VLOOKUP(WeeklyRankPoints!D9,$AA$5:$AB$14,2))*D$3)) + IF(Actuals!E9 = "",0,10))) -> 0 | E10: =if( Actuals!$A9=1,0,(IF(WeeklyRankPoints!E9 > 10,0,(IF(WeeklyRankPoints!E9 = 0,0,VLOOKUP(WeeklyRankPoints!E9,$AA$5:$AB$14,2))*E$3)) + IF(Actuals!F9 = "",0,10))) -> 0 | F10: =if( Actuals!$A9=1,0,(IF(WeeklyRankPoints!F9 > 10,0,(IF(WeeklyRankPoints!F9 = 0,0,VLOOKUP(WeeklyRankPoints!F9,$AA$5:$AB$14,2))*F$3)) + IF(Actuals!G9 = "",0,10))) -> 0 | G10: =if( Actuals!$A9=1,0,(IF(WeeklyRankPoints!G9 > 10,0,(IF(WeeklyRankPoints!G9 = 0,0,VLOOKUP(WeeklyRankPoints!G9,$AA$5:$AB$14,2))*G$3)) + IF(Actuals!H9 = "",0,10))) -> 0 | H10: =if( Actuals!$A9=1,0,(IF(WeeklyRankPoints!H9 > 10,0,(IF(WeeklyRankPoints!H9 = 0,0,VLOOKUP(WeeklyRankPoints!H9,$AA$5:$AB$14,2))*H$3)) + IF(Actuals!I9 = "",0,10))) -> 0 | I10: =if( Actuals!$A9=1,0,(IF(WeeklyRankPoints!I9 > 10,0,(IF(WeeklyRankPoints!I9 = 0,0,VLOOKUP(WeeklyRankPoints!I9,$AA$5:$AB$14,2))*I$3)) + IF(Actuals!J9 = "",0,10))) -> 0 | ... Q10: =if( Actuals!$A9=1,0,(IF(WeeklyRankPoints!Q9 > 10,0,(IF(WeeklyRankPoints!Q9 = 0,0,VLOOKUP(WeeklyRankPoints!Q9,$AA$5:$AB$14,2))*Q$3)) + IF(Actuals!R9 = "",0,10))) -> 0 | R10: =SUM(B10:Q10) -> 16 | S10: =RANK(R10,R$5:R$66) -> 16 | T10: =COUNT(Actuals!C9:R9) -> 1 | U10: =IF(T10>0,R10/T10,0) -> 16 | V10: =WeeklyRankMoney!R9 -> 0 | W10: =WeeklyRankMoney!S9 -> 0 | X10: =WeeklyRankMoney!T9 -> 0 | Y10: =Strokes!Q9 -> -12.4 | AA10: 6 | AB10: 20 | AD10: 6 | AE10: 43216
A11: =Actuals!B10 -> Cole L | B11: =if( Actuals!$A10=1,0,(IF(WeeklyRankPoints!B10 > 10,0,(IF(WeeklyRankPoints!B10 = 0,0,VLOOKUP(WeeklyRankPoints!B10,$AA$5:$AB$14,2))*B$3)) + IF(Actuals!C10 = "",0,10))) -> 0 | C11: =if( Actuals!$A10=1,0,(IF(WeeklyRankPoints!C10 > 10,0,(IF(WeeklyRankPoints!C10 = 0,0,VLOOKUP(WeeklyRankPoints!C10,$AA$5:$AB$14,2))*C$3)) + IF(Actuals!D10 = "",0,10))) -> 0 | D11: =if( Actuals!$A10=1,0,(IF(WeeklyRankPoints!D10 > 10,0,(IF(WeeklyRankPoints!D10 = 0,0,VLOOKUP(WeeklyRankPoints!D10,$AA$5:$AB$14,2))*D$3)) + IF(Actuals!E10 = "",0,10))) -> 0 | E11: =if( Actuals!$A10=1,0,(IF(WeeklyRankPoints!E10 > 10,0,(IF(WeeklyRankPoints!E10 = 0,0,VLOOKUP(WeeklyRankPoints!E10,$AA$5:$AB$14,2))*E$3)) + IF(Actuals!F10 = "",0,10))) -> 0 | F11: =if( Actuals!$A10=1,0,(IF(WeeklyRankPoints!F10 > 10,0,(IF(WeeklyRankPoints!F10 = 0,0,VLOOKUP(WeeklyRankPoints!F10,$AA$5:$AB$14,2))*F$3)) + IF(Actuals!G10 = "",0,10))) -> 0 | G11: =if( Actuals!$A10=1,0,(IF(WeeklyRankPoints!G10 > 10,0,(IF(WeeklyRankPoints!G10 = 0,0,VLOOKUP(WeeklyRankPoints!G10,$AA$5:$AB$14,2))*G$3)) + IF(Actuals!H10 = "",0,10))) -> 0 | H11: =if( Actuals!$A10=1,0,(IF(WeeklyRankPoints!H10 > 10,0,(IF(WeeklyRankPoints!H10 = 0,0,VLOOKUP(WeeklyRankPoints!H10,$AA$5:$AB$14,2))*H$3)) + IF(Actuals!I10 = "",0,10))) -> 0 | I11: =if( Actuals!$A10=1,0,(IF(WeeklyRankPoints!I10 > 10,0,(IF(WeeklyRankPoints!I10 = 0,0,VLOOKUP(WeeklyRankPoints!I10,$AA$5:$AB$14,2))*I$3)) + IF(Actuals!J10 = "",0,10))) -> 0 | ... Q11: =if( Actuals!$A10=1,0,(IF(WeeklyRankPoints!Q10 > 10,0,(IF(WeeklyRankPoints!Q10 = 0,0,VLOOKUP(WeeklyRankPoints!Q10,$AA$5:$AB$14,2))*Q$3)) + IF(Actuals!R10 = "",0,10))) -> 0 | R11: =SUM(B11:Q11) -> 0 | S11: =RANK(R11,R$5:R$66) -> 17 | T11: =COUNT(Actuals!C10:R10) -> 0 | U11: =IF(T11>0,R11/T11,0) -> 0 | V11: =WeeklyRankMoney!R10 -> 0 | W11: =WeeklyRankMoney!S10 -> 0 | X11: =WeeklyRankMoney!T10 -> 0 | Y11: =Strokes!Q10 -> -2.8 | AA11: 7 | AB11: 16 | AD11: 7 | AE11: 43223
A12: =Actuals!B11 -> Danny C | B12: =if( Actuals!$A11=1,0,(IF(WeeklyRankPoints!B11 > 10,0,(IF(WeeklyRankPoints!B11 = 0,0,VLOOKUP(WeeklyRankPoints!B11,$AA$5:$AB$14,2))*B$3)) + IF(Actuals!C11 = "",0,10))) -> 0 | C12: =if( Actuals!$A11=1,0,(IF(WeeklyRankPoints!C11 > 10,0,(IF(WeeklyRankPoints!C11 = 0,0,VLOOKUP(WeeklyRankPoints!C11,$AA$5:$AB$14,2))*C$3)) + IF(Actuals!D11 = "",0,10))) -> 0 | D12: =if( Actuals!$A11=1,0,(IF(WeeklyRankPoints!D11 > 10,0,(IF(WeeklyRankPoints!D11 = 0,0,VLOOKUP(WeeklyRankPoints!D11,$AA$5:$AB$14,2))*D$3)) + IF(Actuals!E11 = "",0,10))) -> 0 | E12: =if( Actuals!$A11=1,0,(IF(WeeklyRankPoints!E11 > 10,0,(IF(WeeklyRankPoints!E11 = 0,0,VLOOKUP(WeeklyRankPoints!E11,$AA$5:$AB$14,2))*E$3)) + IF(Actuals!F11 = "",0,10))) -> 0 | F12: =if( Actuals!$A11=1,0,(IF(WeeklyRankPoints!F11 > 10,0,(IF(WeeklyRankPoints!F11 = 0,0,VLOOKUP(WeeklyRankPoints!F11,$AA$5:$AB$14,2))*F$3)) + IF(Actuals!G11 = "",0,10))) -> 0 | G12: =if( Actuals!$A11=1,0,(IF(WeeklyRankPoints!G11 > 10,0,(IF(WeeklyRankPoints!G11 = 0,0,VLOOKUP(WeeklyRankPoints!G11,$AA$5:$AB$14,2))*G$3)) + IF(Actuals!H11 = "",0,10))) -> 0 | H12: =if( Actuals!$A11=1,0,(IF(WeeklyRankPoints!H11 > 10,0,(IF(WeeklyRankPoints!H11 = 0,0,VLOOKUP(WeeklyRankPoints!H11,$AA$5:$AB$14,2))*H$3)) + IF(Actuals!I11 = "",0,10))) -> 0 | I12: =if( Actuals!$A11=1,0,(IF(WeeklyRankPoints!I11 > 10,0,(IF(WeeklyRankPoints!I11 = 0,0,VLOOKUP(WeeklyRankPoints!I11,$AA$5:$AB$14,2))*I$3)) + IF(Actuals!J11 = "",0,10))) -> 0 | ... Q12: =if( Actuals!$A11=1,0,(IF(WeeklyRankPoints!Q11 > 10,0,(IF(WeeklyRankPoints!Q11 = 0,0,VLOOKUP(WeeklyRankPoints!Q11,$AA$5:$AB$14,2))*Q$3)) + IF(Actuals!R11 = "",0,10))) -> 0 | R12: =SUM(B12:Q12) -> 0 | S12: =RANK(R12,R$5:R$66) -> 17 | T12: =COUNT(Actuals!C11:R11) -> 0 | U12: =IF(T12>0,R12/T12,0) -> 0 | V12: =WeeklyRankMoney!R11 -> 0 | W12: =WeeklyRankMoney!S11 -> 0 | X12: =WeeklyRankMoney!T11 -> 0 | Y12: =Strokes!Q11 -> -2.3 | AA12: 8 | AB12: 12 | AD12: 8 | AE12: 43230
A13: =Actuals!B12 -> Eddie G | B13: =if( Actuals!$A12=1,0,(IF(WeeklyRankPoints!B12 > 10,0,(IF(WeeklyRankPoints!B12 = 0,0,VLOOKUP(WeeklyRankPoints!B12,$AA$5:$AB$14,2))*B$3)) + IF(Actuals!C12 = "",0,10))) -> 0 | C13: =if( Actuals!$A12=1,0,(IF(WeeklyRankPoints!C12 > 10,0,(IF(WeeklyRankPoints!C12 = 0,0,VLOOKUP(WeeklyRankPoints!C12,$AA$5:$AB$14,2))*C$3)) + IF(Actuals!D12 = "",0,10))) -> 0 | D13: =if( Actuals!$A12=1,0,(IF(WeeklyRankPoints!D12 > 10,0,(IF(WeeklyRankPoints!D12 = 0,0,VLOOKUP(WeeklyRankPoints!D12,$AA$5:$AB$14,2))*D$3)) + IF(Actuals!E12 = "",0,10))) -> 0 | E13: =if( Actuals!$A12=1,0,(IF(WeeklyRankPoints!E12 > 10,0,(IF(WeeklyRankPoints!E12 = 0,0,VLOOKUP(WeeklyRankPoints!E12,$AA$5:$AB$14,2))*E$3)) + IF(Actuals!F12 = "",0,10))) -> 0 | F13: =if( Actuals!$A12=1,0,(IF(WeeklyRankPoints!F12 > 10,0,(IF(WeeklyRankPoints!F12 = 0,0,VLOOKUP(WeeklyRankPoints!F12,$AA$5:$AB$14,2))*F$3)) + IF(Actuals!G12 = "",0,10))) -> 0 | G13: =if( Actuals!$A12=1,0,(IF(WeeklyRankPoints!G12 > 10,0,(IF(WeeklyRankPoints!G12 = 0,0,VLOOKUP(WeeklyRankPoints!G12,$AA$5:$AB$14,2))*G$3)) + IF(Actuals!H12 = "",0,10))) -> 0 | H13: =if( Actuals!$A12=1,0,(IF(WeeklyRankPoints!H12 > 10,0,(IF(WeeklyRankPoints!H12 = 0,0,VLOOKUP(WeeklyRankPoints!H12,$AA$5:$AB$14,2))*H$3)) + IF(Actuals!I12 = "",0,10))) -> 0 | I13: =if( Actuals!$A12=1,0,(IF(WeeklyRankPoints!I12 > 10,0,(IF(WeeklyRankPoints!I12 = 0,0,VLOOKUP(WeeklyRankPoints!I12,$AA$5:$AB$14,2))*I$3)) + IF(Actuals!J12 = "",0,10))) -> 0 | ... Q13: =if( Actuals!$A12=1,0,(IF(WeeklyRankPoints!Q12 > 10,0,(IF(WeeklyRankPoints!Q12 = 0,0,VLOOKUP(WeeklyRankPoints!Q12,$AA$5:$AB$14,2))*Q$3)) + IF(Actuals!R12 = "",0,10))) -> 0 | R13: =SUM(B13:Q13) -> 0 | S13: =RANK(R13,R$5:R$66) -> 17 | T13: =COUNT(Actuals!C12:R12) -> 1 | U13: =IF(T13>0,R13/T13,0) -> 0 | V13: =WeeklyRankMoney!R12 -> 0 | W13: =WeeklyRankMoney!S12 -> 0 | X13: =WeeklyRankMoney!T12 -> 0 | Y13: =Strokes!Q12 -> -7.9 | AA13: 9 | AB13: 9 | AD13: 9 | AE13: 43237
A14: =Actuals!B13 -> Grant G | B14: =if( Actuals!$A13=1,0,(IF(WeeklyRankPoints!B13 > 10,0,(IF(WeeklyRankPoints!B13 = 0,0,VLOOKUP(WeeklyRankPoints!B13,$AA$5:$AB$14,2))*B$3)) + IF(Actuals!C13 = "",0,10))) -> 0 | C14: =if( Actuals!$A13=1,0,(IF(WeeklyRankPoints!C13 > 10,0,(IF(WeeklyRankPoints!C13 = 0,0,VLOOKUP(WeeklyRankPoints!C13,$AA$5:$AB$14,2))*C$3)) + IF(Actuals!D13 = "",0,10))) -> 0 | D14: =if( Actuals!$A13=1,0,(IF(WeeklyRankPoints!D13 > 10,0,(IF(WeeklyRankPoints!D13 = 0,0,VLOOKUP(WeeklyRankPoints!D13,$AA$5:$AB$14,2))*D$3)) + IF(Actuals!E13 = "",0,10))) -> 0 | E14: =if( Actuals!$A13=1,0,(IF(WeeklyRankPoints!E13 > 10,0,(IF(WeeklyRankPoints!E13 = 0,0,VLOOKUP(WeeklyRankPoints!E13,$AA$5:$AB$14,2))*E$3)) + IF(Actuals!F13 = "",0,10))) -> 0 | F14: =if( Actuals!$A13=1,0,(IF(WeeklyRankPoints!F13 > 10,0,(IF(WeeklyRankPoints!F13 = 0,0,VLOOKUP(WeeklyRankPoints!F13,$AA$5:$AB$14,2))*F$3)) + IF(Actuals!G13 = "",0,10))) -> 0 | G14: =if( Actuals!$A13=1,0,(IF(WeeklyRankPoints!G13 > 10,0,(IF(WeeklyRankPoints!G13 = 0,0,VLOOKUP(WeeklyRankPoints!G13,$AA$5:$AB$14,2))*G$3)) + IF(Actuals!H13 = "",0,10))) -> 0 | H14: =if( Actuals!$A13=1,0,(IF(WeeklyRankPoints!H13 > 10,0,(IF(WeeklyRankPoints!H13 = 0,0,VLOOKUP(WeeklyRankPoints!H13,$AA$5:$AB$14,2))*H$3)) + IF(Actuals!I13 = "",0,10))) -> 0 | I14: =if( Actuals!$A13=1,0,(IF(WeeklyRankPoints!I13 > 10,0,(IF(WeeklyRankPoints!I13 = 0,0,VLOOKUP(WeeklyRankPoints!I13,$AA$5:$AB$14,2))*I$3)) + IF(Actuals!J13 = "",0,10))) -> 0 | ... Q14: =if( Actuals!$A13=1,0,(IF(WeeklyRankPoints!Q13 > 10,0,(IF(WeeklyRankPoints!Q13 = 0,0,VLOOKUP(WeeklyRankPoints!Q13,$AA$5:$AB$14,2))*Q$3)) + IF(Actuals!R13 = "",0,10))) -> 0 | R14: =SUM(B14:Q14) -> 0 | S14: =RANK(R14,R$5:R$66) -> 17 | T14: =COUNT(Actuals!C13:R13) -> 0 | U14: =IF(T14>0,R14/T14,0) -> 0 | V14: =WeeklyRankMoney!R13 -> 0 | W14: =WeeklyRankMoney!S13 -> 0 | X14: =WeeklyRankMoney!T13 -> 0 | Y14: =Strokes!Q13 -> 0 | AA14: 10 | AB14: 6 | AD14: 10 | AE14: 43244
A15: =Actuals!B14 -> Jeff H | B15: =if( Actuals!$A14=1,0,(IF(WeeklyRankPoints!B14 > 10,0,(IF(WeeklyRankPoints!B14 = 0,0,VLOOKUP(WeeklyRankPoints!B14,$AA$5:$AB$14,2))*B$3)) + IF(Actuals!C14 = "",0,10))) -> 0 | C15: =if( Actuals!$A14=1,0,(IF(WeeklyRankPoints!C14 > 10,0,(IF(WeeklyRankPoints!C14 = 0,0,VLOOKUP(WeeklyRankPoints!C14,$AA$5:$AB$14,2))*C$3)) + IF(Actuals!D14 = "",0,10))) -> 0 | D15: =if( Actuals!$A14=1,0,(IF(WeeklyRankPoints!D14 > 10,0,(IF(WeeklyRankPoints!D14 = 0,0,VLOOKUP(WeeklyRankPoints!D14,$AA$5:$AB$14,2))*D$3)) + IF(Actuals!E14 = "",0,10))) -> 0 | E15: =if( Actuals!$A14=1,0,(IF(WeeklyRankPoints!E14 > 10,0,(IF(WeeklyRankPoints!E14 = 0,0,VLOOKUP(WeeklyRankPoints!E14,$AA$5:$AB$14,2))*E$3)) + IF(Actuals!F14 = "",0,10))) -> 0 | F15: =if( Actuals!$A14=1,0,(IF(WeeklyRankPoints!F14 > 10,0,(IF(WeeklyRankPoints!F14 = 0,0,VLOOKUP(WeeklyRankPoints!F14,$AA$5:$AB$14,2))*F$3)) + IF(Actuals!G14 = "",0,10))) -> 0 | G15: =if( Actuals!$A14=1,0,(IF(WeeklyRankPoints!G14 > 10,0,(IF(WeeklyRankPoints!G14 = 0,0,VLOOKUP(WeeklyRankPoints!G14,$AA$5:$AB$14,2))*G$3)) + IF(Actuals!H14 = "",0,10))) -> 0 | H15: =if( Actuals!$A14=1,0,(IF(WeeklyRankPoints!H14 > 10,0,(IF(WeeklyRankPoints!H14 = 0,0,VLOOKUP(WeeklyRankPoints!H14,$AA$5:$AB$14,2))*H$3)) + IF(Actuals!I14 = "",0,10))) -> 0 | I15: =if( Actuals!$A14=1,0,(IF(WeeklyRankPoints!I14 > 10,0,(IF(WeeklyRankPoints!I14 = 0,0,VLOOKUP(WeeklyRankPoints!I14,$AA$5:$AB$14,2))*I$3)) + IF(Actuals!J14 = "",0,10))) -> 0 | ... Q15: =if( Actuals!$A14=1,0,(IF(WeeklyRankPoints!Q14 > 10,0,(IF(WeeklyRankPoints!Q14 = 0,0,VLOOKUP(WeeklyRankPoints!Q14,$AA$5:$AB$14,2))*Q$3)) + IF(Actuals!R14 = "",0,10))) -> 0 | R15: =SUM(B15:Q15) -> 0 | S15: =RANK(R15,R$5:R$66) -> 17 | T15: =COUNT(Actuals!C14:R14) -> 0 | U15: =IF(T15>0,R15/T15,0) -> 0 | V15: =WeeklyRankMoney!R14 -> 0 | W15: =WeeklyRankMoney!S14 -> 0 | X15: =WeeklyRankMoney!T14 -> 0 | Y15: =Strokes!Q14 -> -12.5 | AD15: 11 | AE15: 43251
A16: =Actuals!B15 -> Jenna T | B16: =if( Actuals!$A15=1,0,(IF(WeeklyRankPoints!B15 > 10,0,(IF(WeeklyRankPoints!B15 = 0,0,VLOOKUP(WeeklyRankPoints!B15,$AA$5:$AB$14,2))*B$3)) + IF(Actuals!C15 = "",0,10))) -> 0 | C16: =if( Actuals!$A15=1,0,(IF(WeeklyRankPoints!C15 > 10,0,(IF(WeeklyRankPoints!C15 = 0,0,VLOOKUP(WeeklyRankPoints!C15,$AA$5:$AB$14,2))*C$3)) + IF(Actuals!D15 = "",0,10))) -> 0 | D16: =if( Actuals!$A15=1,0,(IF(WeeklyRankPoints!D15 > 10,0,(IF(WeeklyRankPoints!D15 = 0,0,VLOOKUP(WeeklyRankPoints!D15,$AA$5:$AB$14,2))*D$3)) + IF(Actuals!E15 = "",0,10))) -> 0 | E16: =if( Actuals!$A15=1,0,(IF(WeeklyRankPoints!E15 > 10,0,(IF(WeeklyRankPoints!E15 = 0,0,VLOOKUP(WeeklyRankPoints!E15,$AA$5:$AB$14,2))*E$3)) + IF(Actuals!F15 = "",0,10))) -> 0 | F16: =if( Actuals!$A15=1,0,(IF(WeeklyRankPoints!F15 > 10,0,(IF(WeeklyRankPoints!F15 = 0,0,VLOOKUP(WeeklyRankPoints!F15,$AA$5:$AB$14,2))*F$3)) + IF(Actuals!G15 = "",0,10))) -> 0 | G16: =if( Actuals!$A15=1,0,(IF(WeeklyRankPoints!G15 > 10,0,(IF(WeeklyRankPoints!G15 = 0,0,VLOOKUP(WeeklyRankPoints!G15,$AA$5:$AB$14,2))*G$3)) + IF(Actuals!H15 = "",0,10))) -> 0 | H16: =if( Actuals!$A15=1,0,(IF(WeeklyRankPoints!H15 > 10,0,(IF(WeeklyRankPoints!H15 = 0,0,VLOOKUP(WeeklyRankPoints!H15,$AA$5:$AB$14,2))*H$3)) + IF(Actuals!I15 = "",0,10))) -> 0 | I16: =if( Actuals!$A15=1,0,(IF(WeeklyRankPoints!I15 > 10,0,(IF(WeeklyRankPoints!I15 = 0,0,VLOOKUP(WeeklyRankPoints!I15,$AA$5:$AB$14,2))*I$3)) + IF(Actuals!J15 = "",0,10))) -> 0 | ... Q16: =if( Actuals!$A15=1,0,(IF(WeeklyRankPoints!Q15 > 10,0,(IF(WeeklyRankPoints!Q15 = 0,0,VLOOKUP(WeeklyRankPoints!Q15,$AA$5:$AB$14,2))*Q$3)) + IF(Actuals!R15 = "",0,10))) -> 0 | R16: =SUM(B16:Q16) -> 0 | S16: =RANK(R16,R$5:R$66) -> 17 | T16: =COUNT(Actuals!C15:R15) -> 0 | U16: =IF(T16>0,R16/T16,0) -> 0 | V16: =WeeklyRankMoney!R15 -> 0 | W16: =WeeklyRankMoney!S15 -> 0 | X16: =WeeklyRankMoney!T15 -> 0 | Y16: =Strokes!Q15 -> -5.6 | AD16: 12 | AE16: 43258
A17: =Actuals!B16 -> Jeremy H | B17: =if( Actuals!$A16=1,0,(IF(WeeklyRankPoints!B16 > 10,0,(IF(WeeklyRankPoints!B16 = 0,0,VLOOKUP(WeeklyRankPoints!B16,$AA$5:$AB$14,2))*B$3)) + IF(Actuals!C16 = "",0,10))) -> 0 | C17: =if( Actuals!$A16=1,0,(IF(WeeklyRankPoints!C16 > 10,0,(IF(WeeklyRankPoints!C16 = 0,0,VLOOKUP(WeeklyRankPoints!C16,$AA$5:$AB$14,2))*C$3)) + IF(Actuals!D16 = "",0,10))) -> 0 | D17: =if( Actuals!$A16=1,0,(IF(WeeklyRankPoints!D16 > 10,0,(IF(WeeklyRankPoints!D16 = 0,0,VLOOKUP(WeeklyRankPoints!D16,$AA$5:$AB$14,2))*D$3)) + IF(Actuals!E16 = "",0,10))) -> 0 | E17: =if( Actuals!$A16=1,0,(IF(WeeklyRankPoints!E16 > 10,0,(IF(WeeklyRankPoints!E16 = 0,0,VLOOKUP(WeeklyRankPoints!E16,$AA$5:$AB$14,2))*E$3)) + IF(Actuals!F16 = "",0,10))) -> 0 | F17: =if( Actuals!$A16=1,0,(IF(WeeklyRankPoints!F16 > 10,0,(IF(WeeklyRankPoints!F16 = 0,0,VLOOKUP(WeeklyRankPoints!F16,$AA$5:$AB$14,2))*F$3)) + IF(Actuals!G16 = "",0,10))) -> 0 | G17: =if( Actuals!$A16=1,0,(IF(WeeklyRankPoints!G16 > 10,0,(IF(WeeklyRankPoints!G16 = 0,0,VLOOKUP(WeeklyRankPoints!G16,$AA$5:$AB$14,2))*G$3)) + IF(Actuals!H16 = "",0,10))) -> 0 | H17: =if( Actuals!$A16=1,0,(IF(WeeklyRankPoints!H16 > 10,0,(IF(WeeklyRankPoints!H16 = 0,0,VLOOKUP(WeeklyRankPoints!H16,$AA$5:$AB$14,2))*H$3)) + IF(Actuals!I16 = "",0,10))) -> 0 | I17: =if( Actuals!$A16=1,0,(IF(WeeklyRankPoints!I16 > 10,0,(IF(WeeklyRankPoints!I16 = 0,0,VLOOKUP(WeeklyRankPoints!I16,$AA$5:$AB$14,2))*I$3)) + IF(Actuals!J16 = "",0,10))) -> 0 | ... Q17: =if( Actuals!$A16=1,0,(IF(WeeklyRankPoints!Q16 > 10,0,(IF(WeeklyRankPoints!Q16 = 0,0,VLOOKUP(WeeklyRankPoints!Q16,$AA$5:$AB$14,2))*Q$3)) + IF(Actuals!R16 = "",0,10))) -> 0 | R17: =SUM(B17:Q17) -> 0 | S17: =RANK(R17,R$5:R$66) -> 17 | T17: =COUNT(Actuals!C16:R16) -> 0 | U17: =IF(T17>0,R17/T17,0) -> 0 | V17: =WeeklyRankMoney!R16 -> 0 | W17: =WeeklyRankMoney!S16 -> 0 | X17: =WeeklyRankMoney!T16 -> 0 | Y17: =Strokes!Q16 -> -3.1 | AD17: 13 | AE17: 43265
A18: =Actuals!B17 -> Jeremy S | B18: =if( Actuals!$A17=1,0,(IF(WeeklyRankPoints!B17 > 10,0,(IF(WeeklyRankPoints!B17 = 0,0,VLOOKUP(WeeklyRankPoints!B17,$AA$5:$AB$14,2))*B$3)) + IF(Actuals!C17 = "",0,10))) -> 0 | C18: =if( Actuals!$A17=1,0,(IF(WeeklyRankPoints!C17 > 10,0,(IF(WeeklyRankPoints!C17 = 0,0,VLOOKUP(WeeklyRankPoints!C17,$AA$5:$AB$14,2))*C$3)) + IF(Actuals!D17 = "",0,10))) -> 0 | D18: =if( Actuals!$A17=1,0,(IF(WeeklyRankPoints!D17 > 10,0,(IF(WeeklyRankPoints!D17 = 0,0,VLOOKUP(WeeklyRankPoints!D17,$AA$5:$AB$14,2))*D$3)) + IF(Actuals!E17 = "",0,10))) -> 0 | E18: =if( Actuals!$A17=1,0,(IF(WeeklyRankPoints!E17 > 10,0,(IF(WeeklyRankPoints!E17 = 0,0,VLOOKUP(WeeklyRankPoints!E17,$AA$5:$AB$14,2))*E$3)) + IF(Actuals!F17 = "",0,10))) -> 0 | F18: =if( Actuals!$A17=1,0,(IF(WeeklyRankPoints!F17 > 10,0,(IF(WeeklyRankPoints!F17 = 0,0,VLOOKUP(WeeklyRankPoints!F17,$AA$5:$AB$14,2))*F$3)) + IF(Actuals!G17 = "",0,10))) -> 0 | G18: =if( Actuals!$A17=1,0,(IF(WeeklyRankPoints!G17 > 10,0,(IF(WeeklyRankPoints!G17 = 0,0,VLOOKUP(WeeklyRankPoints!G17,$AA$5:$AB$14,2))*G$3)) + IF(Actuals!H17 = "",0,10))) -> 0 | H18: =if( Actuals!$A17=1,0,(IF(WeeklyRankPoints!H17 > 10,0,(IF(WeeklyRankPoints!H17 = 0,0,VLOOKUP(WeeklyRankPoints!H17,$AA$5:$AB$14,2))*H$3)) + IF(Actuals!I17 = "",0,10))) -> 0 | I18: =if( Actuals!$A17=1,0,(IF(WeeklyRankPoints!I17 > 10,0,(IF(WeeklyRankPoints!I17 = 0,0,VLOOKUP(WeeklyRankPoints!I17,$AA$5:$AB$14,2))*I$3)) + IF(Actuals!J17 = "",0,10))) -> 0 | ... Q18: =if( Actuals!$A17=1,0,(IF(WeeklyRankPoints!Q17 > 10,0,(IF(WeeklyRankPoints!Q17 = 0,0,VLOOKUP(WeeklyRankPoints!Q17,$AA$5:$AB$14,2))*Q$3)) + IF(Actuals!R17 = "",0,10))) -> 0 | R18: =SUM(B18:Q18) -> 0 | S18: =RANK(R18,R$5:R$66) -> 17 | T18: =COUNT(Actuals!C17:R17) -> 0 | U18: =IF(T18>0,R18/T18,0) -> 0 | V18: =WeeklyRankMoney!R17 -> 0 | W18: =WeeklyRankMoney!S17 -> 0 | X18: =WeeklyRankMoney!T17 -> 0 | Y18: =Strokes!Q17 -> -10.7 | AD18: 14 | AE18: 43272
A19: =Actuals!B18 -> Jon L | B19: =if( Actuals!$A18=1,0,(IF(WeeklyRankPoints!B18 > 10,0,(IF(WeeklyRankPoints!B18 = 0,0,VLOOKUP(WeeklyRankPoints!B18,$AA$5:$AB$14,2))*B$3)) + IF(Actuals!C18 = "",0,10))) -> 10 | C19: =if( Actuals!$A18=1,0,(IF(WeeklyRankPoints!C18 > 10,0,(IF(WeeklyRankPoints!C18 = 0,0,VLOOKUP(WeeklyRankPoints!C18,$AA$5:$AB$14,2))*C$3)) + IF(Actuals!D18 = "",0,10))) -> 75 | D19: =if( Actuals!$A18=1,0,(IF(WeeklyRankPoints!D18 > 10,0,(IF(WeeklyRankPoints!D18 = 0,0,VLOOKUP(WeeklyRankPoints!D18,$AA$5:$AB$14,2))*D$3)) + IF(Actuals!E18 = "",0,10))) -> 22 | E19: =if( Actuals!$A18=1,0,(IF(WeeklyRankPoints!E18 > 10,0,(IF(WeeklyRankPoints!E18 = 0,0,VLOOKUP(WeeklyRankPoints!E18,$AA$5:$AB$14,2))*E$3)) + IF(Actuals!F18 = "",0,10))) -> 0 | F19: =if( Actuals!$A18=1,0,(IF(WeeklyRankPoints!F18 > 10,0,(IF(WeeklyRankPoints!F18 = 0,0,VLOOKUP(WeeklyRankPoints!F18,$AA$5:$AB$14,2))*F$3)) + IF(Actuals!G18 = "",0,10))) -> 0 | G19: =if( Actuals!$A18=1,0,(IF(WeeklyRankPoints!G18 > 10,0,(IF(WeeklyRankPoints!G18 = 0,0,VLOOKUP(WeeklyRankPoints!G18,$AA$5:$AB$14,2))*G$3)) + IF(Actuals!H18 = "",0,10))) -> 0 | H19: =if( Actuals!$A18=1,0,(IF(WeeklyRankPoints!H18 > 10,0,(IF(WeeklyRankPoints!H18 = 0,0,VLOOKUP(WeeklyRankPoints!H18,$AA$5:$AB$14,2))*H$3)) + IF(Actuals!I18 = "",0,10))) -> 0 | I19: =if( Actuals!$A18=1,0,(IF(WeeklyRankPoints!I18 > 10,0,(IF(WeeklyRankPoints!I18 = 0,0,VLOOKUP(WeeklyRankPoints!I18,$AA$5:$AB$14,2))*I$3)) + IF(Actuals!J18 = "",0,10))) -> 0 | ... Q19: =if( Actuals!$A18=1,0,(IF(WeeklyRankPoints!Q18 > 10,0,(IF(WeeklyRankPoints!Q18 = 0,0,VLOOKUP(WeeklyRankPoints!Q18,$AA$5:$AB$14,2))*Q$3)) + IF(Actuals!R18 = "",0,10))) -> 0 | R19: =SUM(B19:Q19) -> 107 | S19: =RANK(R19,R$5:R$66) -> 7 | T19: =COUNT(Actuals!C18:R18) -> 3 | U19: =IF(T19>0,R19/T19,0) -> 35.666667 | V19: =WeeklyRankMoney!R18 -> 0 | W19: =WeeklyRankMoney!S18 -> 1 | X19: =WeeklyRankMoney!T18 -> 1 | Y19: =Strokes!Q18 -> -6.7 | AD19: 15 | AE19: 43279
A20: =Actuals!B19 -> Jonah R | B20: =if( Actuals!$A19=1,0,(IF(WeeklyRankPoints!B19 > 10,0,(IF(WeeklyRankPoints!B19 = 0,0,VLOOKUP(WeeklyRankPoints!B19,$AA$5:$AB$14,2))*B$3)) + IF(Actuals!C19 = "",0,10))) -> 0 | C20: =if( Actuals!$A19=1,0,(IF(WeeklyRankPoints!C19 > 10,0,(IF(WeeklyRankPoints!C19 = 0,0,VLOOKUP(WeeklyRankPoints!C19,$AA$5:$AB$14,2))*C$3)) + IF(Actuals!D19 = "",0,10))) -> 40 | D20: =if( Actuals!$A19=1,0,(IF(WeeklyRankPoints!D19 > 10,0,(IF(WeeklyRankPoints!D19 = 0,0,VLOOKUP(WeeklyRankPoints!D19,$AA$5:$AB$14,2))*D$3)) + IF(Actuals!E19 = "",0,10))) -> 0 | E20: =if( Actuals!$A19=1,0,(IF(WeeklyRankPoints!E19 > 10,0,(IF(WeeklyRankPoints!E19 = 0,0,VLOOKUP(WeeklyRankPoints!E19,$AA$5:$AB$14,2))*E$3)) + IF(Actuals!F19 = "",0,10))) -> 0 | F20: =if( Actuals!$A19=1,0,(IF(WeeklyRankPoints!F19 > 10,0,(IF(WeeklyRankPoints!F19 = 0,0,VLOOKUP(WeeklyRankPoints!F19,$AA$5:$AB$14,2))*F$3)) + IF(Actuals!G19 = "",0,10))) -> 0 | G20: =if( Actuals!$A19=1,0,(IF(WeeklyRankPoints!G19 > 10,0,(IF(WeeklyRankPoints!G19 = 0,0,VLOOKUP(WeeklyRankPoints!G19,$AA$5:$AB$14,2))*G$3)) + IF(Actuals!H19 = "",0,10))) -> 0 | H20: =if( Actuals!$A19=1,0,(IF(WeeklyRankPoints!H19 > 10,0,(IF(WeeklyRankPoints!H19 = 0,0,VLOOKUP(WeeklyRankPoints!H19,$AA$5:$AB$14,2))*H$3)) + IF(Actuals!I19 = "",0,10))) -> 0 | I20: =if( Actuals!$A19=1,0,(IF(WeeklyRankPoints!I19 > 10,0,(IF(WeeklyRankPoints!I19 = 0,0,VLOOKUP(WeeklyRankPoints!I19,$AA$5:$AB$14,2))*I$3)) + IF(Actuals!J19 = "",0,10))) -> 0 | ... Q20: =if( Actuals!$A19=1,0,(IF(WeeklyRankPoints!Q19 > 10,0,(IF(WeeklyRankPoints!Q19 = 0,0,VLOOKUP(WeeklyRankPoints!Q19,$AA$5:$AB$14,2))*Q$3)) + IF(Actuals!R19 = "",0,10))) -> 0 | R20: =SUM(B20:Q20) -> 40 | S20: =RANK(R20,R$5:R$66) -> 14 | T20: =COUNT(Actuals!C19:R19) -> 1 | U20: =IF(T20>0,R20/T20,0) -> 40 | V20: =WeeklyRankMoney!R19 -> 0 | W20: =WeeklyRankMoney!S19 -> 0 | X20: =WeeklyRankMoney!T19 -> 1 | Y20: =Strokes!Q19 -> -9.6 | AD20: 16 | AE20: 43286
A21: =Actuals!B20 -> Jordan V | B21: =if( Actuals!$A20=1,0,(IF(WeeklyRankPoints!B20 > 10,0,(IF(WeeklyRankPoints!B20 = 0,0,VLOOKUP(WeeklyRankPoints!B20,$AA$5:$AB$14,2))*B$3)) + IF(Actuals!C20 = "",0,10))) -> 0 | C21: =if( Actuals!$A20=1,0,(IF(WeeklyRankPoints!C20 > 10,0,(IF(WeeklyRankPoints!C20 = 0,0,VLOOKUP(WeeklyRankPoints!C20,$AA$5:$AB$14,2))*C$3)) + IF(Actuals!D20 = "",0,10))) -> 0 | D21: =if( Actuals!$A20=1,0,(IF(WeeklyRankPoints!D20 > 10,0,(IF(WeeklyRankPoints!D20 = 0,0,VLOOKUP(WeeklyRankPoints!D20,$AA$5:$AB$14,2))*D$3)) + IF(Actuals!E20 = "",0,10))) -> 0 | E21: =if( Actuals!$A20=1,0,(IF(WeeklyRankPoints!E20 > 10,0,(IF(WeeklyRankPoints!E20 = 0,0,VLOOKUP(WeeklyRankPoints!E20,$AA$5:$AB$14,2))*E$3)) + IF(Actuals!F20 = "",0,10))) -> 0 | F21: =if( Actuals!$A20=1,0,(IF(WeeklyRankPoints!F20 > 10,0,(IF(WeeklyRankPoints!F20 = 0,0,VLOOKUP(WeeklyRankPoints!F20,$AA$5:$AB$14,2))*F$3)) + IF(Actuals!G20 = "",0,10))) -> 0 | G21: =if( Actuals!$A20=1,0,(IF(WeeklyRankPoints!G20 > 10,0,(IF(WeeklyRankPoints!G20 = 0,0,VLOOKUP(WeeklyRankPoints!G20,$AA$5:$AB$14,2))*G$3)) + IF(Actuals!H20 = "",0,10))) -> 0 | H21: =if( Actuals!$A20=1,0,(IF(WeeklyRankPoints!H20 > 10,0,(IF(WeeklyRankPoints!H20 = 0,0,VLOOKUP(WeeklyRankPoints!H20,$AA$5:$AB$14,2))*H$3)) + IF(Actuals!I20 = "",0,10))) -> 0 | I21: =if( Actuals!$A20=1,0,(IF(WeeklyRankPoints!I20 > 10,0,(IF(WeeklyRankPoints!I20 = 0,0,VLOOKUP(WeeklyRankPoints!I20,$AA$5:$AB$14,2))*I$3)) + IF(Actuals!J20 = "",0,10))) -> 0 | ... Q21: =if( Actuals!$A20=1,0,(IF(WeeklyRankPoints!Q20 > 10,0,(IF(WeeklyRankPoints!Q20 = 0,0,VLOOKUP(WeeklyRankPoints!Q20,$AA$5:$AB$14,2))*Q$3)) + IF(Actuals!R20 = "",0,10))) -> 0 | R21: =SUM(B21:Q21) -> 0 | S21: =RANK(R21,R$5:R$66) -> 17 | T21: =COUNT(Actuals!C20:R20) -> 0 | U21: =IF(T21>0,R21/T21,0) -> 0 | V21: =WeeklyRankMoney!R20 -> 0 | W21: =WeeklyRankMoney!S20 -> 0 | X21: =WeeklyRankMoney!T20 -> 0 | Y21: =Strokes!Q20 -> -1.1 | AD21: 17 | AE21: 43293
A22: =Actuals!B21 -> Kyle N | B22: =if( Actuals!$A21=1,0,(IF(WeeklyRankPoints!B21 > 10,0,(IF(WeeklyRankPoints!B21 = 0,0,VLOOKUP(WeeklyRankPoints!B21,$AA$5:$AB$14,2))*B$3)) + IF(Actuals!C21 = "",0,10))) -> 0 | C22: =if( Actuals!$A21=1,0,(IF(WeeklyRankPoints!C21 > 10,0,(IF(WeeklyRankPoints!C21 = 0,0,VLOOKUP(WeeklyRankPoints!C21,$AA$5:$AB$14,2))*C$3)) + IF(Actuals!D21 = "",0,10))) -> 0 | D22: =if( Actuals!$A21=1,0,(IF(WeeklyRankPoints!D21 > 10,0,(IF(WeeklyRankPoints!D21 = 0,0,VLOOKUP(WeeklyRankPoints!D21,$AA$5:$AB$14,2))*D$3)) + IF(Actuals!E21 = "",0,10))) -> 0 | E22: =if( Actuals!$A21=1,0,(IF(WeeklyRankPoints!E21 > 10,0,(IF(WeeklyRankPoints!E21 = 0,0,VLOOKUP(WeeklyRankPoints!E21,$AA$5:$AB$14,2))*E$3)) + IF(Actuals!F21 = "",0,10))) -> 0 | F22: =if( Actuals!$A21=1,0,(IF(WeeklyRankPoints!F21 > 10,0,(IF(WeeklyRankPoints!F21 = 0,0,VLOOKUP(WeeklyRankPoints!F21,$AA$5:$AB$14,2))*F$3)) + IF(Actuals!G21 = "",0,10))) -> 0 | G22: =if( Actuals!$A21=1,0,(IF(WeeklyRankPoints!G21 > 10,0,(IF(WeeklyRankPoints!G21 = 0,0,VLOOKUP(WeeklyRankPoints!G21,$AA$5:$AB$14,2))*G$3)) + IF(Actuals!H21 = "",0,10))) -> 0 | H22: =if( Actuals!$A21=1,0,(IF(WeeklyRankPoints!H21 > 10,0,(IF(WeeklyRankPoints!H21 = 0,0,VLOOKUP(WeeklyRankPoints!H21,$AA$5:$AB$14,2))*H$3)) + IF(Actuals!I21 = "",0,10))) -> 0 | I22: =if( Actuals!$A21=1,0,(IF(WeeklyRankPoints!I21 > 10,0,(IF(WeeklyRankPoints!I21 = 0,0,VLOOKUP(WeeklyRankPoints!I21,$AA$5:$AB$14,2))*I$3)) + IF(Actuals!J21 = "",0,10))) -> 0 | ... Q22: =if( Actuals!$A21=1,0,(IF(WeeklyRankPoints!Q21 > 10,0,(IF(WeeklyRankPoints!Q21 = 0,0,VLOOKUP(WeeklyRankPoints!Q21,$AA$5:$AB$14,2))*Q$3)) + IF(Actuals!R21 = "",0,10))) -> 0 | R22: =SUM(B22:Q22) -> 0 | S22: =RANK(R22,R$5:R$66) -> 17 | T22: =COUNT(Actuals!C21:R21) -> 3 | U22: =IF(T22>0,R22/T22,0) -> 0 | V22: =WeeklyRankMoney!R21 -> 1 | W22: =WeeklyRankMoney!S21 -> 1 | X22: =WeeklyRankMoney!T21 -> 1 | Y22: =Strokes!Q21 -> -3.7 | AD22: 18 | AE22: 43300
A23: =Actuals!B22 -> Laura L | B23: =if( Actuals!$A22=1,0,(IF(WeeklyRankPoints!B22 > 10,0,(IF(WeeklyRankPoints!B22 = 0,0,VLOOKUP(WeeklyRankPoints!B22,$AA$5:$AB$14,2))*B$3)) + IF(Actuals!C22 = "",0,10))) -> 0 | C23: =if( Actuals!$A22=1,0,(IF(WeeklyRankPoints!C22 > 10,0,(IF(WeeklyRankPoints!C22 = 0,0,VLOOKUP(WeeklyRankPoints!C22,$AA$5:$AB$14,2))*C$3)) + IF(Actuals!D22 = "",0,10))) -> 0 | D23: =if( Actuals!$A22=1,0,(IF(WeeklyRankPoints!D22 > 10,0,(IF(WeeklyRankPoints!D22 = 0,0,VLOOKUP(WeeklyRankPoints!D22,$AA$5:$AB$14,2))*D$3)) + IF(Actuals!E22 = "",0,10))) -> 0 | E23: =if( Actuals!$A22=1,0,(IF(WeeklyRankPoints!E22 > 10,0,(IF(WeeklyRankPoints!E22 = 0,0,VLOOKUP(WeeklyRankPoints!E22,$AA$5:$AB$14,2))*E$3)) + IF(Actuals!F22 = "",0,10))) -> 0 | F23: =if( Actuals!$A22=1,0,(IF(WeeklyRankPoints!F22 > 10,0,(IF(WeeklyRankPoints!F22 = 0,0,VLOOKUP(WeeklyRankPoints!F22,$AA$5:$AB$14,2))*F$3)) + IF(Actuals!G22 = "",0,10))) -> 0 | G23: =if( Actuals!$A22=1,0,(IF(WeeklyRankPoints!G22 > 10,0,(IF(WeeklyRankPoints!G22 = 0,0,VLOOKUP(WeeklyRankPoints!G22,$AA$5:$AB$14,2))*G$3)) + IF(Actuals!H22 = "",0,10))) -> 0 | H23: =if( Actuals!$A22=1,0,(IF(WeeklyRankPoints!H22 > 10,0,(IF(WeeklyRankPoints!H22 = 0,0,VLOOKUP(WeeklyRankPoints!H22,$AA$5:$AB$14,2))*H$3)) + IF(Actuals!I22 = "",0,10))) -> 0 | I23: =if( Actuals!$A22=1,0,(IF(WeeklyRankPoints!I22 > 10,0,(IF(WeeklyRankPoints!I22 = 0,0,VLOOKUP(WeeklyRankPoints!I22,$AA$5:$AB$14,2))*I$3)) + IF(Actuals!J22 = "",0,10))) -> 0 | ... Q23: =if( Actuals!$A22=1,0,(IF(WeeklyRankPoints!Q22 > 10,0,(IF(WeeklyRankPoints!Q22 = 0,0,VLOOKUP(WeeklyRankPoints!Q22,$AA$5:$AB$14,2))*Q$3)) + IF(Actuals!R22 = "",0,10))) -> 0 | R23: =SUM(B23:Q23) -> 0 | S23: =RANK(R23,R$5:R$66) -> 17 | T23: =COUNT(Actuals!C22:R22) -> 0 | U23: =IF(T23>0,R23/T23,0) -> 0 | V23: =WeeklyRankMoney!R22 -> 0 | W23: =WeeklyRankMoney!S22 -> 0 | X23: =WeeklyRankMoney!T22 -> 0 | Y23: =Strokes!Q22 -> -2.9
A24: =Actuals!B23 -> Luke W | B24: =if( Actuals!$A23=1,0,(IF(WeeklyRankPoints!B23 > 10,0,(IF(WeeklyRankPoints!B23 = 0,0,VLOOKUP(WeeklyRankPoints!B23,$AA$5:$AB$14,2))*B$3)) + IF(Actuals!C23 = "",0,10))) -> 0 | C24: =if( Actuals!$A23=1,0,(IF(WeeklyRankPoints!C23 > 10,0,(IF(WeeklyRankPoints!C23 = 0,0,VLOOKUP(WeeklyRankPoints!C23,$AA$5:$AB$14,2))*C$3)) + IF(Actuals!D23 = "",0,10))) -> 0 | D24: =if( Actuals!$A23=1,0,(IF(WeeklyRankPoints!D23 > 10,0,(IF(WeeklyRankPoints!D23 = 0,0,VLOOKUP(WeeklyRankPoints!D23,$AA$5:$AB$14,2))*D$3)) + IF(Actuals!E23 = "",0,10))) -> 130 | E24: =if( Actuals!$A23=1,0,(IF(WeeklyRankPoints!E23 > 10,0,(IF(WeeklyRankPoints!E23 = 0,0,VLOOKUP(WeeklyRankPoints!E23,$AA$5:$AB$14,2))*E$3)) + IF(Actuals!F23 = "",0,10))) -> 0 | F24: =if( Actuals!$A23=1,0,(IF(WeeklyRankPoints!F23 > 10,0,(IF(WeeklyRankPoints!F23 = 0,0,VLOOKUP(WeeklyRankPoints!F23,$AA$5:$AB$14,2))*F$3)) + IF(Actuals!G23 = "",0,10))) -> 0 | G24: =if( Actuals!$A23=1,0,(IF(WeeklyRankPoints!G23 > 10,0,(IF(WeeklyRankPoints!G23 = 0,0,VLOOKUP(WeeklyRankPoints!G23,$AA$5:$AB$14,2))*G$3)) + IF(Actuals!H23 = "",0,10))) -> 0 | H24: =if( Actuals!$A23=1,0,(IF(WeeklyRankPoints!H23 > 10,0,(IF(WeeklyRankPoints!H23 = 0,0,VLOOKUP(WeeklyRankPoints!H23,$AA$5:$AB$14,2))*H$3)) + IF(Actuals!I23 = "",0,10))) -> 0 | I24: =if( Actuals!$A23=1,0,(IF(WeeklyRankPoints!I23 > 10,0,(IF(WeeklyRankPoints!I23 = 0,0,VLOOKUP(WeeklyRankPoints!I23,$AA$5:$AB$14,2))*I$3)) + IF(Actuals!J23 = "",0,10))) -> 0 | ... Q24: =if( Actuals!$A23=1,0,(IF(WeeklyRankPoints!Q23 > 10,0,(IF(WeeklyRankPoints!Q23 = 0,0,VLOOKUP(WeeklyRankPoints!Q23,$AA$5:$AB$14,2))*Q$3)) + IF(Actuals!R23 = "",0,10))) -> 0 | R24: =SUM(B24:Q24) -> 130 | S24: =RANK(R24,R$5:R$66) -> 5 | T24: =COUNT(Actuals!C23:R23) -> 1 | U24: =IF(T24>0,R24/T24,0) -> 130 | V24: =WeeklyRankMoney!R23 -> 0 | W24: =WeeklyRankMoney!S23 -> 1 | X24: =WeeklyRankMoney!T23 -> 1 | Y24: =Strokes!Q23 -> -1
A25: =Actuals!B24 -> Marc C | B25: =if( Actuals!$A24=1,0,(IF(WeeklyRankPoints!B24 > 10,0,(IF(WeeklyRankPoints!B24 = 0,0,VLOOKUP(WeeklyRankPoints!B24,$AA$5:$AB$14,2))*B$3)) + IF(Actuals!C24 = "",0,10))) -> 130 | C25: =if( Actuals!$A24=1,0,(IF(WeeklyRankPoints!C24 > 10,0,(IF(WeeklyRankPoints!C24 = 0,0,VLOOKUP(WeeklyRankPoints!C24,$AA$5:$AB$14,2))*C$3)) + IF(Actuals!D24 = "",0,10))) -> 22 | D25: =if( Actuals!$A24=1,0,(IF(WeeklyRankPoints!D24 > 10,0,(IF(WeeklyRankPoints!D24 = 0,0,VLOOKUP(WeeklyRankPoints!D24,$AA$5:$AB$14,2))*D$3)) + IF(Actuals!E24 = "",0,10))) -> 0 | E25: =if( Actuals!$A24=1,0,(IF(WeeklyRankPoints!E24 > 10,0,(IF(WeeklyRankPoints!E24 = 0,0,VLOOKUP(WeeklyRankPoints!E24,$AA$5:$AB$14,2))*E$3)) + IF(Actuals!F24 = "",0,10))) -> 0 | F25: =if( Actuals!$A24=1,0,(IF(WeeklyRankPoints!F24 > 10,0,(IF(WeeklyRankPoints!F24 = 0,0,VLOOKUP(WeeklyRankPoints!F24,$AA$5:$AB$14,2))*F$3)) + IF(Actuals!G24 = "",0,10))) -> 0 | G25: =if( Actuals!$A24=1,0,(IF(WeeklyRankPoints!G24 > 10,0,(IF(WeeklyRankPoints!G24 = 0,0,VLOOKUP(WeeklyRankPoints!G24,$AA$5:$AB$14,2))*G$3)) + IF(Actuals!H24 = "",0,10))) -> 0 | H25: =if( Actuals!$A24=1,0,(IF(WeeklyRankPoints!H24 > 10,0,(IF(WeeklyRankPoints!H24 = 0,0,VLOOKUP(WeeklyRankPoints!H24,$AA$5:$AB$14,2))*H$3)) + IF(Actuals!I24 = "",0,10))) -> 0 | I25: =if( Actuals!$A24=1,0,(IF(WeeklyRankPoints!I24 > 10,0,(IF(WeeklyRankPoints!I24 = 0,0,VLOOKUP(WeeklyRankPoints!I24,$AA$5:$AB$14,2))*I$3)) + IF(Actuals!J24 = "",0,10))) -> 0 | ... Q25: =if( Actuals!$A24=1,0,(IF(WeeklyRankPoints!Q24 > 10,0,(IF(WeeklyRankPoints!Q24 = 0,0,VLOOKUP(WeeklyRankPoints!Q24,$AA$5:$AB$14,2))*Q$3)) + IF(Actuals!R24 = "",0,10))) -> 0 | R25: =SUM(B25:Q25) -> 152 | S25: =RANK(R25,R$5:R$66) -> 2 | T25: =COUNT(Actuals!C24:R24) -> 2 | U25: =IF(T25>0,R25/T25,0) -> 76 | V25: =WeeklyRankMoney!R24 -> 1 | W25: =WeeklyRankMoney!S24 -> 1 | X25: =WeeklyRankMoney!T24 -> 1 | Y25: =Strokes!Q24 -> -0.2
A26: =Actuals!B25 -> Mark M | B26: =if( Actuals!$A25=1,0,(IF(WeeklyRankPoints!B25 > 10,0,(IF(WeeklyRankPoints!B25 = 0,0,VLOOKUP(WeeklyRankPoints!B25,$AA$5:$AB$14,2))*B$3)) + IF(Actuals!C25 = "",0,10))) -> 26 | C26: =if( Actuals!$A25=1,0,(IF(WeeklyRankPoints!C25 > 10,0,(IF(WeeklyRankPoints!C25 = 0,0,VLOOKUP(WeeklyRankPoints!C25,$AA$5:$AB$14,2))*C$3)) + IF(Actuals!D25 = "",0,10))) -> 26 | D26: =if( Actuals!$A25=1,0,(IF(WeeklyRankPoints!D25 > 10,0,(IF(WeeklyRankPoints!D25 = 0,0,VLOOKUP(WeeklyRankPoints!D25,$AA$5:$AB$14,2))*D$3)) + IF(Actuals!E25 = "",0,10))) -> 26 | E26: =if( Actuals!$A25=1,0,(IF(WeeklyRankPoints!E25 > 10,0,(IF(WeeklyRankPoints!E25 = 0,0,VLOOKUP(WeeklyRankPoints!E25,$AA$5:$AB$14,2))*E$3)) + IF(Actuals!F25 = "",0,10))) -> 0 | F26: =if( Actuals!$A25=1,0,(IF(WeeklyRankPoints!F25 > 10,0,(IF(WeeklyRankPoints!F25 = 0,0,VLOOKUP(WeeklyRankPoints!F25,$AA$5:$AB$14,2))*F$3)) + IF(Actuals!G25 = "",0,10))) -> 0 | G26: =if( Actuals!$A25=1,0,(IF(WeeklyRankPoints!G25 > 10,0,(IF(WeeklyRankPoints!G25 = 0,0,VLOOKUP(WeeklyRankPoints!G25,$AA$5:$AB$14,2))*G$3)) + IF(Actuals!H25 = "",0,10))) -> 0 | H26: =if( Actuals!$A25=1,0,(IF(WeeklyRankPoints!H25 > 10,0,(IF(WeeklyRankPoints!H25 = 0,0,VLOOKUP(WeeklyRankPoints!H25,$AA$5:$AB$14,2))*H$3)) + IF(Actuals!I25 = "",0,10))) -> 0 | I26: =if( Actuals!$A25=1,0,(IF(WeeklyRankPoints!I25 > 10,0,(IF(WeeklyRankPoints!I25 = 0,0,VLOOKUP(WeeklyRankPoints!I25,$AA$5:$AB$14,2))*I$3)) + IF(Actuals!J25 = "",0,10))) -> 0 | ... Q26: =if( Actuals!$A25=1,0,(IF(WeeklyRankPoints!Q25 > 10,0,(IF(WeeklyRankPoints!Q25 = 0,0,VLOOKUP(WeeklyRankPoints!Q25,$AA$5:$AB$14,2))*Q$3)) + IF(Actuals!R25 = "",0,10))) -> 0 | R26: =SUM(B26:Q26) -> 78 | S26: =RANK(R26,R$5:R$66) -> 9 | T26: =COUNT(Actuals!C25:R25) -> 3 | U26: =IF(T26>0,R26/T26,0) -> 26 | V26: =WeeklyRankMoney!R25 -> 0 | W26: =WeeklyRankMoney!S25 -> 0 | X26: =WeeklyRankMoney!T25 -> 0 | Y26: =Strokes!Q25 -> -8
A27: =Actuals!B26 -> Martin R | B27: =if( Actuals!$A26=1,0,(IF(WeeklyRankPoints!B26 > 10,0,(IF(WeeklyRankPoints!B26 = 0,0,VLOOKUP(WeeklyRankPoints!B26,$AA$5:$AB$14,2))*B$3)) + IF(Actuals!C26 = "",0,10))) -> 0 | C27: =if( Actuals!$A26=1,0,(IF(WeeklyRankPoints!C26 > 10,0,(IF(WeeklyRankPoints!C26 = 0,0,VLOOKUP(WeeklyRankPoints!C26,$AA$5:$AB$14,2))*C$3)) + IF(Actuals!D26 = "",0,10))) -> 0 | D27: =if( Actuals!$A26=1,0,(IF(WeeklyRankPoints!D26 > 10,0,(IF(WeeklyRankPoints!D26 = 0,0,VLOOKUP(WeeklyRankPoints!D26,$AA$5:$AB$14,2))*D$3)) + IF(Actuals!E26 = "",0,10))) -> 0 | E27: =if( Actuals!$A26=1,0,(IF(WeeklyRankPoints!E26 > 10,0,(IF(WeeklyRankPoints!E26 = 0,0,VLOOKUP(WeeklyRankPoints!E26,$AA$5:$AB$14,2))*E$3)) + IF(Actuals!F26 = "",0,10))) -> 0 | F27: =if( Actuals!$A26=1,0,(IF(WeeklyRankPoints!F26 > 10,0,(IF(WeeklyRankPoints!F26 = 0,0,VLOOKUP(WeeklyRankPoints!F26,$AA$5:$AB$14,2))*F$3)) + IF(Actuals!G26 = "",0,10))) -> 0 | G27: =if( Actuals!$A26=1,0,(IF(WeeklyRankPoints!G26 > 10,0,(IF(WeeklyRankPoints!G26 = 0,0,VLOOKUP(WeeklyRankPoints!G26,$AA$5:$AB$14,2))*G$3)) + IF(Actuals!H26 = "",0,10))) -> 0 | H27: =if( Actuals!$A26=1,0,(IF(WeeklyRankPoints!H26 > 10,0,(IF(WeeklyRankPoints!H26 = 0,0,VLOOKUP(WeeklyRankPoints!H26,$AA$5:$AB$14,2))*H$3)) + IF(Actuals!I26 = "",0,10))) -> 0 | I27: =if( Actuals!$A26=1,0,(IF(WeeklyRankPoints!I26 > 10,0,(IF(WeeklyRankPoints!I26 = 0,0,VLOOKUP(WeeklyRankPoints!I26,$AA$5:$AB$14,2))*I$3)) + IF(Actuals!J26 = "",0,10))) -> 0 | ... Q27: =if( Actuals!$A26=1,0,(IF(WeeklyRankPoints!Q26 > 10,0,(IF(WeeklyRankPoints!Q26 = 0,0,VLOOKUP(WeeklyRankPoints!Q26,$AA$5:$AB$14,2))*Q$3)) + IF(Actuals!R26 = "",0,10))) -> 0 | R27: =SUM(B27:Q27) -> 0 | S27: =RANK(R27,R$5:R$66) -> 17 | T27: =COUNT(Actuals!C26:R26) -> 0 | U27: =IF(T27>0,R27/T27,0) -> 0 | V27: =WeeklyRankMoney!R26 -> 0 | W27: =WeeklyRankMoney!S26 -> 0 | X27: =WeeklyRankMoney!T26 -> 0 | Y27: =Strokes!Q26 -> -7.8
A28: =Actuals!B27 -> Minji S | B28: =if( Actuals!$A27=1,0,(IF(WeeklyRankPoints!B27 > 10,0,(IF(WeeklyRankPoints!B27 = 0,0,VLOOKUP(WeeklyRankPoints!B27,$AA$5:$AB$14,2))*B$3)) + IF(Actuals!C27 = "",0,10))) -> 0 | C28: =if( Actuals!$A27=1,0,(IF(WeeklyRankPoints!C27 > 10,0,(IF(WeeklyRankPoints!C27 = 0,0,VLOOKUP(WeeklyRankPoints!C27,$AA$5:$AB$14,2))*C$3)) + IF(Actuals!D27 = "",0,10))) -> 0 | D28: =if( Actuals!$A27=1,0,(IF(WeeklyRankPoints!D27 > 10,0,(IF(WeeklyRankPoints!D27 = 0,0,VLOOKUP(WeeklyRankPoints!D27,$AA$5:$AB$14,2))*D$3)) + IF(Actuals!E27 = "",0,10))) -> 0 | E28: =if( Actuals!$A27=1,0,(IF(WeeklyRankPoints!E27 > 10,0,(IF(WeeklyRankPoints!E27 = 0,0,VLOOKUP(WeeklyRankPoints!E27,$AA$5:$AB$14,2))*E$3)) + IF(Actuals!F27 = "",0,10))) -> 0 | F28: =if( Actuals!$A27=1,0,(IF(WeeklyRankPoints!F27 > 10,0,(IF(WeeklyRankPoints!F27 = 0,0,VLOOKUP(WeeklyRankPoints!F27,$AA$5:$AB$14,2))*F$3)) + IF(Actuals!G27 = "",0,10))) -> 0 | G28: =if( Actuals!$A27=1,0,(IF(WeeklyRankPoints!G27 > 10,0,(IF(WeeklyRankPoints!G27 = 0,0,VLOOKUP(WeeklyRankPoints!G27,$AA$5:$AB$14,2))*G$3)) + IF(Actuals!H27 = "",0,10))) -> 0 | H28: =if( Actuals!$A27=1,0,(IF(WeeklyRankPoints!H27 > 10,0,(IF(WeeklyRankPoints!H27 = 0,0,VLOOKUP(WeeklyRankPoints!H27,$AA$5:$AB$14,2))*H$3)) + IF(Actuals!I27 = "",0,10))) -> 0 | I28: =if( Actuals!$A27=1,0,(IF(WeeklyRankPoints!I27 > 10,0,(IF(WeeklyRankPoints!I27 = 0,0,VLOOKUP(WeeklyRankPoints!I27,$AA$5:$AB$14,2))*I$3)) + IF(Actuals!J27 = "",0,10))) -> 0 | ... Q28: =if( Actuals!$A27=1,0,(IF(WeeklyRankPoints!Q27 > 10,0,(IF(WeeklyRankPoints!Q27 = 0,0,VLOOKUP(WeeklyRankPoints!Q27,$AA$5:$AB$14,2))*Q$3)) + IF(Actuals!R27 = "",0,10))) -> 0 | R28: =SUM(B28:Q28) -> 0 | S28: =RANK(R28,R$5:R$66) -> 17 | T28: =COUNT(Actuals!C27:R27) -> 0 | U28: =IF(T28>0,R28/T28,0) -> 0 | V28: =WeeklyRankMoney!R27 -> 0 | W28: =WeeklyRankMoney!S27 -> 0 | X28: =WeeklyRankMoney!T27 -> 0 | Y28: =Strokes!Q27 -> -12.9
A29: =Actuals!B28 -> Nate R | B29: =if( Actuals!$A28=1,0,(IF(WeeklyRankPoints!B28 > 10,0,(IF(WeeklyRankPoints!B28 = 0,0,VLOOKUP(WeeklyRankPoints!B28,$AA$5:$AB$14,2))*B$3)) + IF(Actuals!C28 = "",0,10))) -> 10 | C29: =if( Actuals!$A28=1,0,(IF(WeeklyRankPoints!C28 > 10,0,(IF(WeeklyRankPoints!C28 = 0,0,VLOOKUP(WeeklyRankPoints!C28,$AA$5:$AB$14,2))*C$3)) + IF(Actuals!D28 = "",0,10))) -> 16 | D29: =if( Actuals!$A28=1,0,(IF(WeeklyRankPoints!D28 > 10,0,(IF(WeeklyRankPoints!D28 = 0,0,VLOOKUP(WeeklyRankPoints!D28,$AA$5:$AB$14,2))*D$3)) + IF(Actuals!E28 = "",0,10))) -> 16 | E29: =if( Actuals!$A28=1,0,(IF(WeeklyRankPoints!E28 > 10,0,(IF(WeeklyRankPoints!E28 = 0,0,VLOOKUP(WeeklyRankPoints!E28,$AA$5:$AB$14,2))*E$3)) + IF(Actuals!F28 = "",0,10))) -> 0 | F29: =if( Actuals!$A28=1,0,(IF(WeeklyRankPoints!F28 > 10,0,(IF(WeeklyRankPoints!F28 = 0,0,VLOOKUP(WeeklyRankPoints!F28,$AA$5:$AB$14,2))*F$3)) + IF(Actuals!G28 = "",0,10))) -> 0 | G29: =if( Actuals!$A28=1,0,(IF(WeeklyRankPoints!G28 > 10,0,(IF(WeeklyRankPoints!G28 = 0,0,VLOOKUP(WeeklyRankPoints!G28,$AA$5:$AB$14,2))*G$3)) + IF(Actuals!H28 = "",0,10))) -> 0 | H29: =if( Actuals!$A28=1,0,(IF(WeeklyRankPoints!H28 > 10,0,(IF(WeeklyRankPoints!H28 = 0,0,VLOOKUP(WeeklyRankPoints!H28,$AA$5:$AB$14,2))*H$3)) + IF(Actuals!I28 = "",0,10))) -> 0 | I29: =if( Actuals!$A28=1,0,(IF(WeeklyRankPoints!I28 > 10,0,(IF(WeeklyRankPoints!I28 = 0,0,VLOOKUP(WeeklyRankPoints!I28,$AA$5:$AB$14,2))*I$3)) + IF(Actuals!J28 = "",0,10))) -> 0 | ... Q29: =if( Actuals!$A28=1,0,(IF(WeeklyRankPoints!Q28 > 10,0,(IF(WeeklyRankPoints!Q28 = 0,0,VLOOKUP(WeeklyRankPoints!Q28,$AA$5:$AB$14,2))*Q$3)) + IF(Actuals!R28 = "",0,10))) -> 0 | R29: =SUM(B29:Q29) -> 42 | S29: =RANK(R29,R$5:R$66) -> 13 | T29: =COUNT(Actuals!C28:R28) -> 3 | U29: =IF(T29>0,R29/T29,0) -> 14 | V29: =WeeklyRankMoney!R28 -> 0 | W29: =WeeklyRankMoney!S28 -> 0 | X29: =WeeklyRankMoney!T28 -> 0 | Y29: =Strokes!Q28 -> -13.8
A30: =Actuals!B29 -> Phil J | B30: =if( Actuals!$A29=1,0,(IF(WeeklyRankPoints!B29 > 10,0,(IF(WeeklyRankPoints!B29 = 0,0,VLOOKUP(WeeklyRankPoints!B29,$AA$5:$AB$14,2))*B$3)) + IF(Actuals!C29 = "",0,10))) -> 0 | C30: =if( Actuals!$A29=1,0,(IF(WeeklyRankPoints!C29 > 10,0,(IF(WeeklyRankPoints!C29 = 0,0,VLOOKUP(WeeklyRankPoints!C29,$AA$5:$AB$14,2))*C$3)) + IF(Actuals!D29 = "",0,10))) -> 0 | D30: =if( Actuals!$A29=1,0,(IF(WeeklyRankPoints!D29 > 10,0,(IF(WeeklyRankPoints!D29 = 0,0,VLOOKUP(WeeklyRankPoints!D29,$AA$5:$AB$14,2))*D$3)) + IF(Actuals!E29 = "",0,10))) -> 0 | E30: =if( Actuals!$A29=1,0,(IF(WeeklyRankPoints!E29 > 10,0,(IF(WeeklyRankPoints!E29 = 0,0,VLOOKUP(WeeklyRankPoints!E29,$AA$5:$AB$14,2))*E$3)) + IF(Actuals!F29 = "",0,10))) -> 0 | F30: =if( Actuals!$A29=1,0,(IF(WeeklyRankPoints!F29 > 10,0,(IF(WeeklyRankPoints!F29 = 0,0,VLOOKUP(WeeklyRankPoints!F29,$AA$5:$AB$14,2))*F$3)) + IF(Actuals!G29 = "",0,10))) -> 0 | G30: =if( Actuals!$A29=1,0,(IF(WeeklyRankPoints!G29 > 10,0,(IF(WeeklyRankPoints!G29 = 0,0,VLOOKUP(WeeklyRankPoints!G29,$AA$5:$AB$14,2))*G$3)) + IF(Actuals!H29 = "",0,10))) -> 0 | H30: =if( Actuals!$A29=1,0,(IF(WeeklyRankPoints!H29 > 10,0,(IF(WeeklyRankPoints!H29 = 0,0,VLOOKUP(WeeklyRankPoints!H29,$AA$5:$AB$14,2))*H$3)) + IF(Actuals!I29 = "",0,10))) -> 0 | I30: =if( Actuals!$A29=1,0,(IF(WeeklyRankPoints!I29 > 10,0,(IF(WeeklyRankPoints!I29 = 0,0,VLOOKUP(WeeklyRankPoints!I29,$AA$5:$AB$14,2))*I$3)) + IF(Actuals!J29 = "",0,10))) -> 0 | ... Q30: =if( Actuals!$A29=1,0,(IF(WeeklyRankPoints!Q29 > 10,0,(IF(WeeklyRankPoints!Q29 = 0,0,VLOOKUP(WeeklyRankPoints!Q29,$AA$5:$AB$14,2))*Q$3)) + IF(Actuals!R29 = "",0,10))) -> 0 | R30: =SUM(B30:Q30) -> 0 | S30: =RANK(R30,R$5:R$66) -> 17 | T30: =COUNT(Actuals!C29:R29) -> 0 | U30: =IF(T30>0,R30/T30,0) -> 0 | V30: =WeeklyRankMoney!R29 -> 0 | W30: =WeeklyRankMoney!S29 -> 0 | X30: =WeeklyRankMoney!T29 -> 0 | Y30: =Strokes!Q29 -> 0
A31: =Actuals!B30 -> Preston C | B31: =if( Actuals!$A30=1,0,(IF(WeeklyRankPoints!B30 > 10,0,(IF(WeeklyRankPoints!B30 = 0,0,VLOOKUP(WeeklyRankPoints!B30,$AA$5:$AB$14,2))*B$3)) + IF(Actuals!C30 = "",0,10))) -> 55 | C31: =if( Actuals!$A30=1,0,(IF(WeeklyRankPoints!C30 > 10,0,(IF(WeeklyRankPoints!C30 = 0,0,VLOOKUP(WeeklyRankPoints!C30,$AA$5:$AB$14,2))*C$3)) + IF(Actuals!D30 = "",0,10))) -> 19 | D31: =if( Actuals!$A30=1,0,(IF(WeeklyRankPoints!D30 > 10,0,(IF(WeeklyRankPoints!D30 = 0,0,VLOOKUP(WeeklyRankPoints!D30,$AA$5:$AB$14,2))*D$3)) + IF(Actuals!E30 = "",0,10))) -> 55 | E31: =if( Actuals!$A30=1,0,(IF(WeeklyRankPoints!E30 > 10,0,(IF(WeeklyRankPoints!E30 = 0,0,VLOOKUP(WeeklyRankPoints!E30,$AA$5:$AB$14,2))*E$3)) + IF(Actuals!F30 = "",0,10))) -> 0 | F31: =if( Actuals!$A30=1,0,(IF(WeeklyRankPoints!F30 > 10,0,(IF(WeeklyRankPoints!F30 = 0,0,VLOOKUP(WeeklyRankPoints!F30,$AA$5:$AB$14,2))*F$3)) + IF(Actuals!G30 = "",0,10))) -> 0 | G31: =if( Actuals!$A30=1,0,(IF(WeeklyRankPoints!G30 > 10,0,(IF(WeeklyRankPoints!G30 = 0,0,VLOOKUP(WeeklyRankPoints!G30,$AA$5:$AB$14,2))*G$3)) + IF(Actuals!H30 = "",0,10))) -> 0 | H31: =if( Actuals!$A30=1,0,(IF(WeeklyRankPoints!H30 > 10,0,(IF(WeeklyRankPoints!H30 = 0,0,VLOOKUP(WeeklyRankPoints!H30,$AA$5:$AB$14,2))*H$3)) + IF(Actuals!I30 = "",0,10))) -> 0 | I31: =if( Actuals!$A30=1,0,(IF(WeeklyRankPoints!I30 > 10,0,(IF(WeeklyRankPoints!I30 = 0,0,VLOOKUP(WeeklyRankPoints!I30,$AA$5:$AB$14,2))*I$3)) + IF(Actuals!J30 = "",0,10))) -> 0 | ... Q31: =if( Actuals!$A30=1,0,(IF(WeeklyRankPoints!Q30 > 10,0,(IF(WeeklyRankPoints!Q30 = 0,0,VLOOKUP(WeeklyRankPoints!Q30,$AA$5:$AB$14,2))*Q$3)) + IF(Actuals!R30 = "",0,10))) -> 0 | R31: =SUM(B31:Q31) -> 129 | S31: =RANK(R31,R$5:R$66) -> 6 | T31: =COUNT(Actuals!C30:R30) -> 3 | U31: =IF(T31>0,R31/T31,0) -> 43 | V31: =WeeklyRankMoney!R30 -> 0 | W31: =WeeklyRankMoney!S30 -> 0 | X31: =WeeklyRankMoney!T30 -> 2 | Y31: =Strokes!Q30 -> -3
A32: =Actuals!B31 -> Rich | B32: =if( Actuals!$A31=1,0,(IF(WeeklyRankPoints!B31 > 10,0,(IF(WeeklyRankPoints!B31 = 0,0,VLOOKUP(WeeklyRankPoints!B31,$AA$5:$AB$14,2))*B$3)) + IF(Actuals!C31 = "",0,10))) -> 0 | C32: =if( Actuals!$A31=1,0,(IF(WeeklyRankPoints!C31 > 10,0,(IF(WeeklyRankPoints!C31 = 0,0,VLOOKUP(WeeklyRankPoints!C31,$AA$5:$AB$14,2))*C$3)) + IF(Actuals!D31 = "",0,10))) -> 0 | D32: =if( Actuals!$A31=1,0,(IF(WeeklyRankPoints!D31 > 10,0,(IF(WeeklyRankPoints!D31 = 0,0,VLOOKUP(WeeklyRankPoints!D31,$AA$5:$AB$14,2))*D$3)) + IF(Actuals!E31 = "",0,10))) -> 75 | E32: =if( Actuals!$A31=1,0,(IF(WeeklyRankPoints!E31 > 10,0,(IF(WeeklyRankPoints!E31 = 0,0,VLOOKUP(WeeklyRankPoints!E31,$AA$5:$AB$14,2))*E$3)) + IF(Actuals!F31 = "",0,10))) -> 0 | F32: =if( Actuals!$A31=1,0,(IF(WeeklyRankPoints!F31 > 10,0,(IF(WeeklyRankPoints!F31 = 0,0,VLOOKUP(WeeklyRankPoints!F31,$AA$5:$AB$14,2))*F$3)) + IF(Actuals!G31 = "",0,10))) -> 0 | G32: =if( Actuals!$A31=1,0,(IF(WeeklyRankPoints!G31 > 10,0,(IF(WeeklyRankPoints!G31 = 0,0,VLOOKUP(WeeklyRankPoints!G31,$AA$5:$AB$14,2))*G$3)) + IF(Actuals!H31 = "",0,10))) -> 0 | H32: =if( Actuals!$A31=1,0,(IF(WeeklyRankPoints!H31 > 10,0,(IF(WeeklyRankPoints!H31 = 0,0,VLOOKUP(WeeklyRankPoints!H31,$AA$5:$AB$14,2))*H$3)) + IF(Actuals!I31 = "",0,10))) -> 0 | I32: =if( Actuals!$A31=1,0,(IF(WeeklyRankPoints!I31 > 10,0,(IF(WeeklyRankPoints!I31 = 0,0,VLOOKUP(WeeklyRankPoints!I31,$AA$5:$AB$14,2))*I$3)) + IF(Actuals!J31 = "",0,10))) -> 0 | ... Q32: =if( Actuals!$A31=1,0,(IF(WeeklyRankPoints!Q31 > 10,0,(IF(WeeklyRankPoints!Q31 = 0,0,VLOOKUP(WeeklyRankPoints!Q31,$AA$5:$AB$14,2))*Q$3)) + IF(Actuals!R31 = "",0,10))) -> 0 | R32: =SUM(B32:Q32) -> 75 | S32: =RANK(R32,R$5:R$66) -> 11 | T32: =COUNT(Actuals!C31:R31) -> 1 | U32: =IF(T32>0,R32/T32,0) -> 75 | V32: =WeeklyRankMoney!R31 -> 0 | W32: =WeeklyRankMoney!S31 -> 0 | X32: =WeeklyRankMoney!T31 -> 1 | Y32: =Strokes!Q31 -> -7.7
A33: =Actuals!B32 -> Russ B | B33: =if( Actuals!$A32=1,0,(IF(WeeklyRankPoints!B32 > 10,0,(IF(WeeklyRankPoints!B32 = 0,0,VLOOKUP(WeeklyRankPoints!B32,$AA$5:$AB$14,2))*B$3)) + IF(Actuals!C32 = "",0,10))) -> 0 | C33: =if( Actuals!$A32=1,0,(IF(WeeklyRankPoints!C32 > 10,0,(IF(WeeklyRankPoints!C32 = 0,0,VLOOKUP(WeeklyRankPoints!C32,$AA$5:$AB$14,2))*C$3)) + IF(Actuals!D32 = "",0,10))) -> 0 | D33: =if( Actuals!$A32=1,0,(IF(WeeklyRankPoints!D32 > 10,0,(IF(WeeklyRankPoints!D32 = 0,0,VLOOKUP(WeeklyRankPoints!D32,$AA$5:$AB$14,2))*D$3)) + IF(Actuals!E32 = "",0,10))) -> 0 | E33: =if( Actuals!$A32=1,0,(IF(WeeklyRankPoints!E32 > 10,0,(IF(WeeklyRankPoints!E32 = 0,0,VLOOKUP(WeeklyRankPoints!E32,$AA$5:$AB$14,2))*E$3)) + IF(Actuals!F32 = "",0,10))) -> 0 | F33: =if( Actuals!$A32=1,0,(IF(WeeklyRankPoints!F32 > 10,0,(IF(WeeklyRankPoints!F32 = 0,0,VLOOKUP(WeeklyRankPoints!F32,$AA$5:$AB$14,2))*F$3)) + IF(Actuals!G32 = "",0,10))) -> 0 | G33: =if( Actuals!$A32=1,0,(IF(WeeklyRankPoints!G32 > 10,0,(IF(WeeklyRankPoints!G32 = 0,0,VLOOKUP(WeeklyRankPoints!G32,$AA$5:$AB$14,2))*G$3)) + IF(Actuals!H32 = "",0,10))) -> 0 | H33: =if( Actuals!$A32=1,0,(IF(WeeklyRankPoints!H32 > 10,0,(IF(WeeklyRankPoints!H32 = 0,0,VLOOKUP(WeeklyRankPoints!H32,$AA$5:$AB$14,2))*H$3)) + IF(Actuals!I32 = "",0,10))) -> 0 | I33: =if( Actuals!$A32=1,0,(IF(WeeklyRankPoints!I32 > 10,0,(IF(WeeklyRankPoints!I32 = 0,0,VLOOKUP(WeeklyRankPoints!I32,$AA$5:$AB$14,2))*I$3)) + IF(Actuals!J32 = "",0,10))) -> 0 | ... Q33: =if( Actuals!$A32=1,0,(IF(WeeklyRankPoints!Q32 > 10,0,(IF(WeeklyRankPoints!Q32 = 0,0,VLOOKUP(WeeklyRankPoints!Q32,$AA$5:$AB$14,2))*Q$3)) + IF(Actuals!R32 = "",0,10))) -> 0 | R33: =SUM(B33:Q33) -> 0 | S33: =RANK(R33,R$5:R$66) -> 17 | T33: =COUNT(Actuals!C32:R32) -> 0 | U33: =IF(T33>0,R33/T33,0) -> 0 | V33: =WeeklyRankMoney!R32 -> 0 | W33: =WeeklyRankMoney!S32 -> 0 | X33: =WeeklyRankMoney!T32 -> 0 | Y33: =Strokes!Q32 -> -4.5
A34: =Actuals!B33 -> Russ H | B34: =if( Actuals!$A33=1,0,(IF(WeeklyRankPoints!B33 > 10,0,(IF(WeeklyRankPoints!B33 = 0,0,VLOOKUP(WeeklyRankPoints!B33,$AA$5:$AB$14,2))*B$3)) + IF(Actuals!C33 = "",0,10))) -> 0 | C34: =if( Actuals!$A33=1,0,(IF(WeeklyRankPoints!C33 > 10,0,(IF(WeeklyRankPoints!C33 = 0,0,VLOOKUP(WeeklyRankPoints!C33,$AA$5:$AB$14,2))*C$3)) + IF(Actuals!D33 = "",0,10))) -> 0 | D34: =if( Actuals!$A33=1,0,(IF(WeeklyRankPoints!D33 > 10,0,(IF(WeeklyRankPoints!D33 = 0,0,VLOOKUP(WeeklyRankPoints!D33,$AA$5:$AB$14,2))*D$3)) + IF(Actuals!E33 = "",0,10))) -> 0 | E34: =if( Actuals!$A33=1,0,(IF(WeeklyRankPoints!E33 > 10,0,(IF(WeeklyRankPoints!E33 = 0,0,VLOOKUP(WeeklyRankPoints!E33,$AA$5:$AB$14,2))*E$3)) + IF(Actuals!F33 = "",0,10))) -> 0 | F34: =if( Actuals!$A33=1,0,(IF(WeeklyRankPoints!F33 > 10,0,(IF(WeeklyRankPoints!F33 = 0,0,VLOOKUP(WeeklyRankPoints!F33,$AA$5:$AB$14,2))*F$3)) + IF(Actuals!G33 = "",0,10))) -> 0 | G34: =if( Actuals!$A33=1,0,(IF(WeeklyRankPoints!G33 > 10,0,(IF(WeeklyRankPoints!G33 = 0,0,VLOOKUP(WeeklyRankPoints!G33,$AA$5:$AB$14,2))*G$3)) + IF(Actuals!H33 = "",0,10))) -> 0 | H34: =if( Actuals!$A33=1,0,(IF(WeeklyRankPoints!H33 > 10,0,(IF(WeeklyRankPoints!H33 = 0,0,VLOOKUP(WeeklyRankPoints!H33,$AA$5:$AB$14,2))*H$3)) + IF(Actuals!I33 = "",0,10))) -> 0 | I34: =if( Actuals!$A33=1,0,(IF(WeeklyRankPoints!I33 > 10,0,(IF(WeeklyRankPoints!I33 = 0,0,VLOOKUP(WeeklyRankPoints!I33,$AA$5:$AB$14,2))*I$3)) + IF(Actuals!J33 = "",0,10))) -> 0 | ... Q34: =if( Actuals!$A33=1,0,(IF(WeeklyRankPoints!Q33 > 10,0,(IF(WeeklyRankPoints!Q33 = 0,0,VLOOKUP(WeeklyRankPoints!Q33,$AA$5:$AB$14,2))*Q$3)) + IF(Actuals!R33 = "",0,10))) -> 0 | R34: =SUM(B34:Q34) -> 0 | S34: =RANK(R34,R$5:R$66) -> 17 | T34: =COUNT(Actuals!C33:R33) -> 0 | U34: =IF(T34>0,R34/T34,0) -> 0 | V34: =WeeklyRankMoney!R33 -> 0 | W34: =WeeklyRankMoney!S33 -> 0 | X34: =WeeklyRankMoney!T33 -> 0 | Y34: =Strokes!Q33 -> -7.5
... A66: =Actuals!B65 -> blank21 | B66: =if( Actuals!$A65=1,0,(IF(WeeklyRankPoints!B65 > 10,0,(IF(WeeklyRankPoints!B65 = 0,0,VLOOKUP(WeeklyRankPoints!B65,$AA$5:$AB$14,2))*B$3)) + IF(Actuals!C65 = "",0,10))) -> 0 | C66: =if( Actuals!$A65=1,0,(IF(WeeklyRankPoints!C65 > 10,0,(IF(WeeklyRankPoints!C65 = 0,0,VLOOKUP(WeeklyRankPoints!C65,$AA$5:$AB$14,2))*C$3)) + IF(Actuals!D65 = "",0,10))) -> 0 | D66: =if( Actuals!$A65=1,0,(IF(WeeklyRankPoints!D65 > 10,0,(IF(WeeklyRankPoints!D65 = 0,0,VLOOKUP(WeeklyRankPoints!D65,$AA$5:$AB$14,2))*D$3)) + IF(Actuals!E65 = "",0,10))) -> 0 | E66: =if( Actuals!$A65=1,0,(IF(WeeklyRankPoints!E65 > 10,0,(IF(WeeklyRankPoints!E65 = 0,0,VLOOKUP(WeeklyRankPoints!E65,$AA$5:$AB$14,2))*E$3)) + IF(Actuals!F65 = "",0,10))) -> 0 | F66: =if( Actuals!$A65=1,0,(IF(WeeklyRankPoints!F65 > 10,0,(IF(WeeklyRankPoints!F65 = 0,0,VLOOKUP(WeeklyRankPoints!F65,$AA$5:$AB$14,2))*F$3)) + IF(Actuals!G65 = "",0,10))) -> 0 | G66: =if( Actuals!$A65=1,0,(IF(WeeklyRankPoints!G65 > 10,0,(IF(WeeklyRankPoints!G65 = 0,0,VLOOKUP(WeeklyRankPoints!G65,$AA$5:$AB$14,2))*G$3)) + IF(Actuals!H65 = "",0,10))) -> 0 | H66: =if( Actuals!$A65=1,0,(IF(WeeklyRankPoints!H65 > 10,0,(IF(WeeklyRankPoints!H65 = 0,0,VLOOKUP(WeeklyRankPoints!H65,$AA$5:$AB$14,2))*H$3)) + IF(Actuals!I65 = "",0,10))) -> 0 | I66: =if( Actuals!$A65=1,0,(IF(WeeklyRankPoints!I65 > 10,0,(IF(WeeklyRankPoints!I65 = 0,0,VLOOKUP(WeeklyRankPoints!I65,$AA$5:$AB$14,2))*I$3)) + IF(Actuals!J65 = "",0,10))) -> 0 | ... Q66: =if( Actuals!$A65=1,0,(IF(WeeklyRankPoints!Q65 > 10,0,(IF(WeeklyRankPoints!Q65 = 0,0,VLOOKUP(WeeklyRankPoints!Q65,$AA$5:$AB$14,2))*Q$3)) + IF(Actuals!R65 = "",0,10))) -> 0 | R66: =SUM(B66:Q66) -> 0 | S66: =RANK(R66,R$5:R$66) -> 17 | T66: =COUNT(Actuals!C65:R65) -> 0 | U66: =IF(T66>0,R66/T66,0) -> 0 | V66: =WeeklyRankMoney!R65 -> 0 | W66: =WeeklyRankMoney!S65 -> 0 | X66: =WeeklyRankMoney!T65 -> 0 | Y66: =Strokes!Q65 -> 0

Sheet Strokes
B1: Strokes for Given Week
A2: PAR | B2: 34 | C2: 35 | D2: 34
A3: Player | B3: Week 1 | C3: Week 2 | D3: Week 3 | E3: Week 4 | F3: Week 5 | G3: Week 6 | H3: Week 7 | I3: Week 8 | J3: Week 9 | K3: Week 10 | L3: Week 11 | M3: Week 12 | N3: Week 13 | O3: Week 14 | P3: Week 15 | Q3: Week 16 | R3: Final
A4: =Actuals!B4 -> Adrian C | B4: =if( ModifiedAvg!B4 =0,0, if( ModifiedAvg!B4 >=$B$2, ROUND(($B$2-ModifiedAvg!B4)* (0.75 + (count(Actuals!B4:$C4)/18*0.15)),1), round($B$2 -ModifiedAvg!B4,1))) -> -5.2 | C4: =if( ModifiedAvg!C4 =0,0, if( ModifiedAvg!C4 >=$C$2, ROUND(($C$2-ModifiedAvg!C4)* (0.75 + (count(Actuals!C4:$C4)/18*0.15)),1), round($C$2 -ModifiedAvg!C4,1))) -> -4.4 | D4: =if( ModifiedAvg!D4 =0,0, if( ModifiedAvg!D4 >=$D$2, ROUND(($D$2-ModifiedAvg!D4)*0.75,1), round($D$2 -ModifiedAvg!D4,1))) -> -5.2 | E4: =if( ModifiedAvg!E4 =0,0, if( ModifiedAvg!E4 >=36, ROUND((36-ModifiedAvg!E4)*0.75,1), round(36 -ModifiedAvg!E4,1))) -> -3.7 | F4: =if( ModifiedAvg!F4 =0,0, if( ModifiedAvg!F4 >=36, ROUND((36-ModifiedAvg!F4)* (0.75 + (count(Actuals!C4:F4)/18*0.15)),1), round(36 -ModifiedAvg!F4,1))) -> -3.7 | G4: =if( ModifiedAvg!G4 =0,0, if( ModifiedAvg!G4 >=36, ROUND((36-ModifiedAvg!G4)* (0.75 + (count(Actuals!$C4:G4)/18*0.15)),1), round(36 -ModifiedAvg!G4,1))) -> -3.7 | H4: =if( ModifiedAvg!H4 =0,0, if( ModifiedAvg!H4 >=36, ROUND((36-ModifiedAvg!H4)* (0.83),1), round(36 -ModifiedAvg!H4,1))) -> -4.1 | I4: =if( ModifiedAvg!I4 =0,0, if( ModifiedAvg!I4 >=36, ROUND((36-ModifiedAvg!I4)* (0.83),1), round(36 -ModifiedAvg!I4,1))) -> -4.1 | J4: =if( ModifiedAvg!J4 =0,0, if( ModifiedAvg!J4 >=36, ROUND((36-ModifiedAvg!J4)* (0.83),1), round(36 -ModifiedAvg!J4,1))) -> -4.1 | K4: =if( ModifiedAvg!K4 =0,0, if( ModifiedAvg!K4 >=36, ROUND((36-ModifiedAvg!K4)* (0.83),1), round(36 -ModifiedAvg!K4,1))) -> -4.1 | L4: =if( ModifiedAvg!L4 =0,0, if( ModifiedAvg!L4 >=36, ROUND((36-ModifiedAvg!L4)* (0.83),1), round(36 -ModifiedAvg!L4,1))) -> -4.1 | M4: =if( ModifiedAvg!M4 =0,0, if( ModifiedAvg!M4 >=36, ROUND((36-ModifiedAvg!M4)* (0.83),1), round(36 -ModifiedAvg!M4,1))) -> -4.1 | N4: =if( ModifiedAvg!N4 =0,0, if( ModifiedAvg!N4 >=36, ROUND((36-ModifiedAvg!N4)* (0.83),1), round(36 -ModifiedAvg!N4,1))) -> -4.1 | O4: =if( ModifiedAvg!O4 =0,0, if( ModifiedAvg!O4 >=36, ROUND((36-ModifiedAvg!O4)* (0.83),1), round(36 -ModifiedAvg!O4,1))) -> -4.1 | ... Q4: =if( ModifiedAvg!Q4 =0,0, if( ModifiedAvg!Q4 >=36, ROUND((36-ModifiedAvg!Q4)* (0.83),1), round(36 -ModifiedAvg!Q4,1))) -> -4.1 | R4: =if( ModifiedAvg!R4 =0,0, if( ModifiedAvg!R4 >=36, ROUND((36-ModifiedAvg!R4)* (0.75 + (count(Actuals!$C4:R4)/18*0.15)),1), round((36 -ModifiedAvg!R4)/2,1))) -> 0
A5: =Actuals!B5 -> Alan D | B5: =if( ModifiedAvg!B5 =0,0, if( ModifiedAvg!B5 >=$B$2, ROUND(($B$2-ModifiedAvg!B5)* (0.75 + (count(Actuals!B5:$C5)/18*0.15)),1), round($B$2 -ModifiedAvg!B5,1))) -> -0.9 | C5: =if( ModifiedAvg!C5 =0,0, if( ModifiedAvg!C5 >=$C$2, ROUND(($C$2-ModifiedAvg!C5)* (0.75 + (count(Actuals!C5:$C5)/18*0.15)),1), round($C$2 -ModifiedAvg!C5,1))) -> -0.2 | D5: =if( ModifiedAvg!D5 =0,0, if( ModifiedAvg!D5 >=$D$2, ROUND(($D$2-ModifiedAvg!D5)*0.75,1), round($D$2 -ModifiedAvg!D5,1))) -> -0.9 | E5: =if( ModifiedAvg!E5 =0,0, if( ModifiedAvg!E5 >=36, ROUND((36-ModifiedAvg!E5)*0.75,1), round(36 -ModifiedAvg!E5,1))) -> 0.8 | F5: =if( ModifiedAvg!F5 =0,0, if( ModifiedAvg!F5 >=36, ROUND((36-ModifiedAvg!F5)* (0.75 + (count(Actuals!C5:F5)/18*0.15)),1), round(36 -ModifiedAvg!F5,1))) -> 0.8 | G5: =if( ModifiedAvg!G5 =0,0, if( ModifiedAvg!G5 >=36, ROUND((36-ModifiedAvg!G5)* (0.75 + (count(Actuals!$C5:G5)/18*0.15)),1), round(36 -ModifiedAvg!G5,1))) -> 0.8 | H5: =if( ModifiedAvg!H5 =0,0, if( ModifiedAvg!H5 >=36, ROUND((36-ModifiedAvg!H5)* (0.83),1), round(36 -ModifiedAvg!H5,1))) -> 0.8 | I5: =if( ModifiedAvg!I5 =0,0, if( ModifiedAvg!I5 >=36, ROUND((36-ModifiedAvg!I5)* (0.83),1), round(36 -ModifiedAvg!I5,1))) -> 0.8 | J5: =if( ModifiedAvg!J5 =0,0, if( ModifiedAvg!J5 >=36, ROUND((36-ModifiedAvg!J5)* (0.83),1), round(36 -ModifiedAvg!J5,1))) -> 0.8 | K5: =if( ModifiedAvg!K5 =0,0, if( ModifiedAvg!K5 >=36, ROUND((36-ModifiedAvg!K5)* (0.83),1), round(36 -ModifiedAvg!K5,1))) -> 0.8 | L5: =if( ModifiedAvg!L5 =0,0, if( ModifiedAvg!L5 >=36, ROUND((36-ModifiedAvg!L5)* (0.83),1), round(36 -ModifiedAvg!L5,1))) -> 0.8 | M5: =if( ModifiedAvg!M5 =0,0, if( ModifiedAvg!M5 >=36, ROUND((36-ModifiedAvg!M5)* (0.83),1), round(36 -ModifiedAvg!M5,1))) -> 0.8 | N5: =if( ModifiedAvg!N5 =0,0, if( ModifiedAvg!N5 >=36, ROUND((36-ModifiedAvg!N5)* (0.83),1), round(36 -ModifiedAvg!N5,1))) -> 0.8 | O5: =if( ModifiedAvg!O5 =0,0, if( ModifiedAvg!O5 >=36, ROUND((36-ModifiedAvg!O5)* (0.83),1), round(36 -ModifiedAvg!O5,1))) -> 0.8 | ... Q5: =if( ModifiedAvg!Q5 =0,0, if( ModifiedAvg!Q5 >=36, ROUND((36-ModifiedAvg!Q5)* (0.83),1), round(36 -ModifiedAvg!Q5,1))) -> 0.8 | R5: =if( ModifiedAvg!R5 =0,0, if( ModifiedAvg!R5 >=36, ROUND((36-ModifiedAvg!R5)* (0.75 + (count(Actuals!$C5:R5)/18*0.15)),1), round((36 -ModifiedAvg!R5)/2,1))) -> 0
A6: =Actuals!B6 -> Baxter C | B6: =if( ModifiedAvg!B6 =0,0, if( ModifiedAvg!B6 >=$B$2, ROUND(($B$2-ModifiedAvg!B6)* (0.75 + (count(Actuals!B6:$C6)/18*0.15)),1), round($B$2 -ModifiedAvg!B6,1))) -> 0 | C6: =if( ModifiedAvg!C6 =0,0, if( ModifiedAvg!C6 >=$C$2, ROUND(($C$2-ModifiedAvg!C6)* (0.75 + (count(Actuals!C6:$C6)/18*0.15)),1), round($C$2 -ModifiedAvg!C6,1))) -> 0 | D6: =if( ModifiedAvg!D6 =0,0, if( ModifiedAvg!D6 >=$D$2, ROUND(($D$2-ModifiedAvg!D6)*0.75,1), round($D$2 -ModifiedAvg!D6,1))) -> 0 | E6: =if( ModifiedAvg!E6 =0,0, if( ModifiedAvg!E6 >=36, ROUND((36-ModifiedAvg!E6)*0.75,1), round(36 -ModifiedAvg!E6,1))) -> 0 | F6: =if( ModifiedAvg!F6 =0,0, if( ModifiedAvg!F6 >=36, ROUND((36-ModifiedAvg!F6)* (0.75 + (count(Actuals!C6:F6)/18*0.15)),1), round(36 -ModifiedAvg!F6,1))) -> 0 | G6: =if( ModifiedAvg!G6 =0,0, if( ModifiedAvg!G6 >=36, ROUND((36-ModifiedAvg!G6)* (0.75 + (count(Actuals!$C6:G6)/18*0.15)),1), round(36 -ModifiedAvg!G6,1))) -> 0 | H6: =if( ModifiedAvg!H6 =0,0, if( ModifiedAvg!H6 >=36, ROUND((36-ModifiedAvg!H6)* (0.83),1), round(36 -ModifiedAvg!H6,1))) -> 0 | I6: =if( ModifiedAvg!I6 =0,0, if( ModifiedAvg!I6 >=36, ROUND((36-ModifiedAvg!I6)* (0.83),1), round(36 -ModifiedAvg!I6,1))) -> 0 | J6: =if( ModifiedAvg!J6 =0,0, if( ModifiedAvg!J6 >=36, ROUND((36-ModifiedAvg!J6)* (0.83),1), round(36 -ModifiedAvg!J6,1))) -> 0 | K6: =if( ModifiedAvg!K6 =0,0, if( ModifiedAvg!K6 >=36, ROUND((36-ModifiedAvg!K6)* (0.83),1), round(36 -ModifiedAvg!K6,1))) -> 0 | L6: =if( ModifiedAvg!L6 =0,0, if( ModifiedAvg!L6 >=36, ROUND((36-ModifiedAvg!L6)* (0.83),1), round(36 -ModifiedAvg!L6,1))) -> 0 | M6: =if( ModifiedAvg!M6 =0,0, if( ModifiedAvg!M6 >=36, ROUND((36-ModifiedAvg!M6)* (0.83),1), round(36 -ModifiedAvg!M6,1))) -> 0 | N6: =if( ModifiedAvg!N6 =0,0, if( ModifiedAvg!N6 >=36, ROUND((36-ModifiedAvg!N6)* (0.83),1), round(36 -ModifiedAvg!N6,1))) -> 0 | O6: =if( ModifiedAvg!O6 =0,0, if( ModifiedAvg!O6 >=36, ROUND((36-ModifiedAvg!O6)* (0.83),1), round(36 -ModifiedAvg!O6,1))) -> 0 | ... Q6: =if( ModifiedAvg!Q6 =0,0, if( ModifiedAvg!Q6 >=36, ROUND((36-ModifiedAvg!Q6)* (0.83),1), round(36 -ModifiedAvg!Q6,1))) -> 0 | R6: =if( ModifiedAvg!R6 =0,0, if( ModifiedAvg!R6 >=36, ROUND((36-ModifiedAvg!R6)* (0.75 + (count(Actuals!$C6:R6)/18*0.15)),1), round((36 -ModifiedAvg!R6)/2,1))) -> 0
A7: =Actuals!B7 -> Bill Morton | B7: =if( ModifiedAvg!B7 =0,0, if( ModifiedAvg!B7 >=$B$2, ROUND(($B$2-ModifiedAvg!B7)* (0.75 + (count(Actuals!B7:$C7)/18*0.15)),1), round($B$2 -ModifiedAvg!B7,1))) -> -10.1 | C7: =if( ModifiedAvg!C7 =0,0, if( ModifiedAvg!C7 >=$C$2, ROUND(($C$2-ModifiedAvg!C7)* (0.75 + (count(Actuals!C7:$C7)/18*0.15)),1), round($C$2 -ModifiedAvg!C7,1))) -> -9.3 | D7: =if( ModifiedAvg!D7 =0,0, if( ModifiedAvg!D7 >=$D$2, ROUND(($D$2-ModifiedAvg!D7)*0.75,1), round($D$2 -ModifiedAvg!D7,1))) -> -10.1 | E7: =if( ModifiedAvg!E7 =0,0, if( ModifiedAvg!E7 >=36, ROUND((36-ModifiedAvg!E7)*0.75,1), round(36 -ModifiedAvg!E7,1))) -> -8.6 | F7: =if( ModifiedAvg!F7 =0,0, if( ModifiedAvg!F7 >=36, ROUND((36-ModifiedAvg!F7)* (0.75 + (count(Actuals!C7:F7)/18*0.15)),1), round(36 -ModifiedAvg!F7,1))) -> -8.6 | G7: =if( ModifiedAvg!G7 =0,0, if( ModifiedAvg!G7 >=36, ROUND((36-ModifiedAvg!G7)* (0.75 + (count(Actuals!$C7:G7)/18*0.15)),1), round(36 -ModifiedAvg!G7,1))) -> -8.6 | H7: =if( ModifiedAvg!H7 =0,0, if( ModifiedAvg!H7 >=36, ROUND((36-ModifiedAvg!H7)* (0.83),1), round(36 -ModifiedAvg!H7,1))) -> -9.5 | I7: =if( ModifiedAvg!I7 =0,0, if( ModifiedAvg!I7 >=36, ROUND((36-ModifiedAvg!I7)* (0.83),1), round(36 -ModifiedAvg!I7,1))) -> -9.5 | J7: =if( ModifiedAvg!J7 =0,0, if( ModifiedAvg!J7 >=36, ROUND((36-ModifiedAvg!J7)* (0.83),1), round(36 -ModifiedAvg!J7,1))) -> -9.5 | K7: =if( ModifiedAvg!K7 =0,0, if( ModifiedAvg!K7 >=36, ROUND((36-ModifiedAvg!K7)* (0.83),1), round(36 -ModifiedAvg!K7,1))) -> -9.5 | L7: =if( ModifiedAvg!L7 =0,0, if( ModifiedAvg!L7 >=36, ROUND((36-ModifiedAvg!L7)* (0.83),1), round(36 -ModifiedAvg!L7,1))) -> -9.5 | M7: =if( ModifiedAvg!M7 =0,0, if( ModifiedAvg!M7 >=36, ROUND((36-ModifiedAvg!M7)* (0.83),1), round(36 -ModifiedAvg!M7,1))) -> -9.5 | N7: =if( ModifiedAvg!N7 =0,0, if( ModifiedAvg!N7 >=36, ROUND((36-ModifiedAvg!N7)* (0.83),1), round(36 -ModifiedAvg!N7,1))) -> -9.5 | O7: =if( ModifiedAvg!O7 =0,0, if( ModifiedAvg!O7 >=36, ROUND((36-ModifiedAvg!O7)* (0.83),1), round(36 -ModifiedAvg!O7,1))) -> -9.5 | ... Q7: =if( ModifiedAvg!Q7 =0,0, if( ModifiedAvg!Q7 >=36, ROUND((36-ModifiedAvg!Q7)* (0.83),1), round(36 -ModifiedAvg!Q7,1))) -> -9.5 | R7: =if( ModifiedAvg!R7 =0,0, if( ModifiedAvg!R7 >=36, ROUND((36-ModifiedAvg!R7)* (0.75 + (count(Actuals!$C7:R7)/18*0.15)),1), round((36 -ModifiedAvg!R7)/2,1))) -> 0
A8: =Actuals!B8 -> Brian M | B8: =if( ModifiedAvg!B8 =0,0, if( ModifiedAvg!B8 >=$B$2, ROUND(($B$2-ModifiedAvg!B8)* (0.75 + (count(Actuals!B8:$C8)/18*0.15)),1), round($B$2 -ModifiedAvg!B8,1))) -> -6.3 | C8: =if( ModifiedAvg!C8 =0,0, if( ModifiedAvg!C8 >=$C$2, ROUND(($C$2-ModifiedAvg!C8)* (0.75 + (count(Actuals!C8:$C8)/18*0.15)),1), round($C$2 -ModifiedAvg!C8,1))) -> -4.3 | D8: =if( ModifiedAvg!D8 =0,0, if( ModifiedAvg!D8 >=$D$2, ROUND(($D$2-ModifiedAvg!D8)*0.75,1), round($D$2 -ModifiedAvg!D8,1))) -> -4.4 | E8: =if( ModifiedAvg!E8 =0,0, if( ModifiedAvg!E8 >=36, ROUND((36-ModifiedAvg!E8)*0.75,1), round(36 -ModifiedAvg!E8,1))) -> -3.2 | F8: =if( ModifiedAvg!F8 =0,0, if( ModifiedAvg!F8 >=36, ROUND((36-ModifiedAvg!F8)* (0.75 + (count(Actuals!C8:F8)/18*0.15)),1), round(36 -ModifiedAvg!F8,1))) -> -3.3 | G8: =if( ModifiedAvg!G8 =0,0, if( ModifiedAvg!G8 >=36, ROUND((36-ModifiedAvg!G8)* (0.75 + (count(Actuals!$C8:G8)/18*0.15)),1), round(36 -ModifiedAvg!G8,1))) -> -3.3 | H8: =if( ModifiedAvg!H8 =0,0, if( ModifiedAvg!H8 >=36, ROUND((36-ModifiedAvg!H8)* (0.83),1), round(36 -ModifiedAvg!H8,1))) -> -3.5 | I8: =if( ModifiedAvg!I8 =0,0, if( ModifiedAvg!I8 >=36, ROUND((36-ModifiedAvg!I8)* (0.83),1), round(36 -ModifiedAvg!I8,1))) -> -3.5 | J8: =if( ModifiedAvg!J8 =0,0, if( ModifiedAvg!J8 >=36, ROUND((36-ModifiedAvg!J8)* (0.83),1), round(36 -ModifiedAvg!J8,1))) -> -3.5 | K8: =if( ModifiedAvg!K8 =0,0, if( ModifiedAvg!K8 >=36, ROUND((36-ModifiedAvg!K8)* (0.83),1), round(36 -ModifiedAvg!K8,1))) -> -3.5 | L8: =if( ModifiedAvg!L8 =0,0, if( ModifiedAvg!L8 >=36, ROUND((36-ModifiedAvg!L8)* (0.83),1), round(36 -ModifiedAvg!L8,1))) -> -3.5 | M8: =if( ModifiedAvg!M8 =0,0, if( ModifiedAvg!M8 >=36, ROUND((36-ModifiedAvg!M8)* (0.83),1), round(36 -ModifiedAvg!M8,1))) -> -3.5 | N8: =if( ModifiedAvg!N8 =0,0, if( ModifiedAvg!N8 >=36, ROUND((36-ModifiedAvg!N8)* (0.83),1), round(36 -ModifiedAvg!N8,1))) -> -3.5 | O8: =if( ModifiedAvg!O8 =0,0, if( ModifiedAvg!O8 >=36, ROUND((36-ModifiedAvg!O8)* (0.83),1), round(36 -ModifiedAvg!O8,1))) -> -3.5 | ... Q8: =if( ModifiedAvg!Q8 =0,0, if( ModifiedAvg!Q8 >=36, ROUND((36-ModifiedAvg!Q8)* (0.83),1), round(36 -ModifiedAvg!Q8,1))) -> -3.5 | R8: =if( ModifiedAvg!R8 =0,0, if( ModifiedAvg!R8 >=36, ROUND((36-ModifiedAvg!R8)* (0.75 + (count(Actuals!$C8:R8)/18*0.15)),1), round((36 -ModifiedAvg!R8)/2,1))) -> 0
A9: =Actuals!B9 -> Bruce Marburger | B9: =if( ModifiedAvg!B9 =0,0, if( ModifiedAvg!B9 >=$B$2, ROUND(($B$2-ModifiedAvg!B9)* (0.75 + (count(Actuals!B9:$C9)/18*0.15)),1), round($B$2 -ModifiedAvg!B9,1))) -> -12.9 | C9: =if( ModifiedAvg!C9 =0,0, if( ModifiedAvg!C9 >=$C$2, ROUND(($C$2-ModifiedAvg!C9)* (0.75 + (count(Actuals!C9:$C9)/18*0.15)),1), round($C$2 -ModifiedAvg!C9,1))) -> -12.1 | D9: =if( ModifiedAvg!D9 =0,0, if( ModifiedAvg!D9 >=$D$2, ROUND(($D$2-ModifiedAvg!D9)*0.75,1), round($D$2 -ModifiedAvg!D9,1))) -> -12.7 | E9: =if( ModifiedAvg!E9 =0,0, if( ModifiedAvg!E9 >=36, ROUND((36-ModifiedAvg!E9)*0.75,1), round(36 -ModifiedAvg!E9,1))) -> -11.2 | F9: =if( ModifiedAvg!F9 =0,0, if( ModifiedAvg!F9 >=36, ROUND((36-ModifiedAvg!F9)* (0.75 + (count(Actuals!C9:F9)/18*0.15)),1), round(36 -ModifiedAvg!F9,1))) -> -11.4 | G9: =if( ModifiedAvg!G9 =0,0, if( ModifiedAvg!G9 >=36, ROUND((36-ModifiedAvg!G9)* (0.75 + (count(Actuals!$C9:G9)/18*0.15)),1), round(36 -ModifiedAvg!G9,1))) -> -11.4 | H9: =if( ModifiedAvg!H9 =0,0, if( ModifiedAvg!H9 >=36, ROUND((36-ModifiedAvg!H9)* (0.83),1), round(36 -ModifiedAvg!H9,1))) -> -12.4 | I9: =if( ModifiedAvg!I9 =0,0, if( ModifiedAvg!I9 >=36, ROUND((36-ModifiedAvg!I9)* (0.83),1), round(36 -ModifiedAvg!I9,1))) -> -12.4 | J9: =if( ModifiedAvg!J9 =0,0, if( ModifiedAvg!J9 >=36, ROUND((36-ModifiedAvg!J9)* (0.83),1), round(36 -ModifiedAvg!J9,1))) -> -12.4 | K9: =if( ModifiedAvg!K9 =0,0, if( ModifiedAvg!K9 >=36, ROUND((36-ModifiedAvg!K9)* (0.83),1), round(36 -ModifiedAvg!K9,1))) -> -12.4 | L9: =if( ModifiedAvg!L9 =0,0, if( ModifiedAvg!L9 >=36, ROUND((36-ModifiedAvg!L9)* (0.83),1), round(36 -ModifiedAvg!L9,1))) -> -12.4 | M9: =if( ModifiedAvg!M9 =0,0, if( ModifiedAvg!M9 >=36, ROUND((36-ModifiedAvg!M9)* (0.83),1), round(36 -ModifiedAvg!M9,1))) -> -12.4 | N9: =if( ModifiedAvg!N9 =0,0, if( ModifiedAvg!N9 >=36, ROUND((36-ModifiedAvg!N9)* (0.83),1), round(36 -ModifiedAvg!N9,1))) -> -12.4 | O9: =if( ModifiedAvg!O9 =0,0, if( ModifiedAvg!O9 >=36, ROUND((36-ModifiedAvg!O9)* (0.83),1), round(36 -ModifiedAvg!O9,1))) -> -12.4 | ... Q9: =if( ModifiedAvg!Q9 =0,0, if( ModifiedAvg!Q9 >=36, ROUND((36-ModifiedAvg!Q9)* (0.83),1), round(36 -ModifiedAvg!Q9,1))) -> -12.4 | R9: =if( ModifiedAvg!R9 =0,0, if( ModifiedAvg!R9 >=36, ROUND((36-ModifiedAvg!R9)* (0.75 + (count(Actuals!$C9:R9)/18*0.15)),1), round((36 -ModifiedAvg!R9)/2,1))) -> 0
A10: =Actuals!B10 -> Cole L | B10: =if( ModifiedAvg!B10 =0,0, if( ModifiedAvg!B10 >=$B$2, ROUND(($B$2-ModifiedAvg!B10)* (0.75 + (count(Actuals!B10:$C10)/18*0.15)),1), round($B$2 -ModifiedAvg!B10,1))) -> -4 | C10: =if( ModifiedAvg!C10 =0,0, if( ModifiedAvg!C10 >=$C$2, ROUND(($C$2-ModifiedAvg!C10)* (0.75 + (count(Actuals!C10:$C10)/18*0.15)),1), round($C$2 -ModifiedAvg!C10,1))) -> -3.2 | D10: =if( ModifiedAvg!D10 =0,0, if( ModifiedAvg!D10 >=$D$2, ROUND(($D$2-ModifiedAvg!D10)*0.75,1), round($D$2 -ModifiedAvg!D10,1))) -> -4 | E10: =if( ModifiedAvg!E10 =0,0, if( ModifiedAvg!E10 >=36, ROUND((36-ModifiedAvg!E10)*0.75,1), round(36 -ModifiedAvg!E10,1))) -> -2.5 | F10: =if( ModifiedAvg!F10 =0,0, if( ModifiedAvg!F10 >=36, ROUND((36-ModifiedAvg!F10)* (0.75 + (count(Actuals!C10:F10)/18*0.15)),1), round(36 -ModifiedAvg!F10,1))) -> -2.5 | G10: =if( ModifiedAvg!G10 =0,0, if( ModifiedAvg!G10 >=36, ROUND((36-ModifiedAvg!G10)* (0.75 + (count(Actuals!$C10:G10)/18*0.15)),1), round(36 -ModifiedAvg!G10,1))) -> -2.5 | H10: =if( ModifiedAvg!H10 =0,0, if( ModifiedAvg!H10 >=36, ROUND((36-ModifiedAvg!H10)* (0.83),1), round(36 -ModifiedAvg!H10,1))) -> -2.8 | I10: =if( ModifiedAvg!I10 =0,0, if( ModifiedAvg!I10 >=36, ROUND((36-ModifiedAvg!I10)* (0.83),1), round(36 -ModifiedAvg!I10,1))) -> -2.8 | J10: =if( ModifiedAvg!J10 =0,0, if( ModifiedAvg!J10 >=36, ROUND((36-ModifiedAvg!J10)* (0.83),1), round(36 -ModifiedAvg!J10,1))) -> -2.8 | K10: =if( ModifiedAvg!K10 =0,0, if( ModifiedAvg!K10 >=36, ROUND((36-ModifiedAvg!K10)* (0.83),1), round(36 -ModifiedAvg!K10,1))) -> -2.8 | L10: =if( ModifiedAvg!L10 =0,0, if( ModifiedAvg!L10 >=36, ROUND((36-ModifiedAvg!L10)* (0.83),1), round(36 -ModifiedAvg!L10,1))) -> -2.8 | M10: =if( ModifiedAvg!M10 =0,0, if( ModifiedAvg!M10 >=36, ROUND((36-ModifiedAvg!M10)* (0.83),1), round(36 -ModifiedAvg!M10,1))) -> -2.8 | N10: =if( ModifiedAvg!N10 =0,0, if( ModifiedAvg!N10 >=36, ROUND((36-ModifiedAvg!N10)* (0.83),1), round(36 -ModifiedAvg!N10,1))) -> -2.8 | O10: =if( ModifiedAvg!O10 =0,0, if( ModifiedAvg!O10 >=36, ROUND((36-ModifiedAvg!O10)* (0.83),1), round(36 -ModifiedAvg!O10,1))) -> -2.8 | ... Q10: =if( ModifiedAvg!Q10 =0,0, if( ModifiedAvg!Q10 >=36, ROUND((36-ModifiedAvg!Q10)* (0.83),1), round(36 -ModifiedAvg!Q10,1))) -> -2.8 | R10: =if( ModifiedAvg!R10 =0,0, if( ModifiedAvg!R10 >=36, ROUND((36-ModifiedAvg!R10)* (0.75 + (count(Actuals!$C10:R10)/18*0.15)),1), round((36 -ModifiedAvg!R10)/2,1))) -> 0
A11: =Actuals!B11 -> Danny C | B11: =if( ModifiedAvg!B11 =0,0, if( ModifiedAvg!B11 >=$B$2, ROUND(($B$2-ModifiedAvg!B11)* (0.75 + (count(Actuals!B11:$C11)/18*0.15)),1), round($B$2 -ModifiedAvg!B11,1))) -> -3.6 | C11: =if( ModifiedAvg!C11 =0,0, if( ModifiedAvg!C11 >=$C$2, ROUND(($C$2-ModifiedAvg!C11)* (0.75 + (count(Actuals!C11:$C11)/18*0.15)),1), round($C$2 -ModifiedAvg!C11,1))) -> -2.8 | D11: =if( ModifiedAvg!D11 =0,0, if( ModifiedAvg!D11 >=$D$2, ROUND(($D$2-ModifiedAvg!D11)*0.75,1), round($D$2 -ModifiedAvg!D11,1))) -> -3.6 | E11: =if( ModifiedAvg!E11 =0,0, if( ModifiedAvg!E11 >=36, ROUND((36-ModifiedAvg!E11)*0.75,1), round(36 -ModifiedAvg!E11,1))) -> -2.1 | F11: =if( ModifiedAvg!F11 =0,0, if( ModifiedAvg!F11 >=36, ROUND((36-ModifiedAvg!F11)* (0.75 + (count(Actuals!C11:F11)/18*0.15)),1), round(36 -ModifiedAvg!F11,1))) -> -2.1 | G11: =if( ModifiedAvg!G11 =0,0, if( ModifiedAvg!G11 >=36, ROUND((36-ModifiedAvg!G11)* (0.75 + (count(Actuals!$C11:G11)/18*0.15)),1), round(36 -ModifiedAvg!G11,1))) -> -2.1 | H11: =if( ModifiedAvg!H11 =0,0, if( ModifiedAvg!H11 >=36, ROUND((36-ModifiedAvg!H11)* (0.83),1), round(36 -ModifiedAvg!H11,1))) -> -2.3 | I11: =if( ModifiedAvg!I11 =0,0, if( ModifiedAvg!I11 >=36, ROUND((36-ModifiedAvg!I11)* (0.83),1), round(36 -ModifiedAvg!I11,1))) -> -2.3 | J11: =if( ModifiedAvg!J11 =0,0, if( ModifiedAvg!J11 >=36, ROUND((36-ModifiedAvg!J11)* (0.83),1), round(36 -ModifiedAvg!J11,1))) -> -2.3 | K11: =if( ModifiedAvg!K11 =0,0, if( ModifiedAvg!K11 >=36, ROUND((36-ModifiedAvg!K11)* (0.83),1), round(36 -ModifiedAvg!K11,1))) -> -2.3 | L11: =if( ModifiedAvg!L11 =0,0, if( ModifiedAvg!L11 >=36, ROUND((36-ModifiedAvg!L11)* (0.83),1), round(36 -ModifiedAvg!L11,1))) -> -2.3 | M11: =if( ModifiedAvg!M11 =0,0, if( ModifiedAvg!M11 >=36, ROUND((36-ModifiedAvg!M11)* (0.83),1), round(36 -ModifiedAvg!M11,1))) -> -2.3 | N11: =if( ModifiedAvg!N11 =0,0, if( ModifiedAvg!N11 >=36, ROUND((36-ModifiedAvg!N11)* (0.83),1), round(36 -ModifiedAvg!N11,1))) -> -2.3 | O11: =if( ModifiedAvg!O11 =0,0, if( ModifiedAvg!O11 >=36, ROUND((36-ModifiedAvg!O11)* (0.83),1), round(36 -ModifiedAvg!O11,1))) -> -2.3 | ... Q11: =if( ModifiedAvg!Q11 =0,0, if( ModifiedAvg!Q11 >=36, ROUND((36-ModifiedAvg!Q11)* (0.83),1), round(36 -ModifiedAvg!Q11,1))) -> -2.3 | R11: =if( ModifiedAvg!R11 =0,0, if( ModifiedAvg!R11 >=36, ROUND((36-ModifiedAvg!R11)* (0.75 + (count(Actuals!$C11:R11)/18*0.15)),1), round((36 -ModifiedAvg!R11)/2,1))) -> 0
A12: =Actuals!B12 -> Eddie G | B12: =if( ModifiedAvg!B12 =0,0, if( ModifiedAvg!B12 >=$B$2, ROUND(($B$2-ModifiedAvg!B12)* (0.75 + (count(Actuals!B12:$C12)/18*0.15)),1), round($B$2 -ModifiedAvg!B12,1))) -> -7.5 | C12: =if( ModifiedAvg!C12 =0,0, if( ModifiedAvg!C12 >=$C$2, ROUND(($C$2-ModifiedAvg!C12)* (0.75 + (count(Actuals!C12:$C12)/18*0.15)),1), round($C$2 -ModifiedAvg!C12,1))) -> -6.7 | D12: =if( ModifiedAvg!D12 =0,0, if( ModifiedAvg!D12 >=$D$2, ROUND(($D$2-ModifiedAvg!D12)*0.75,1), round($D$2 -ModifiedAvg!D12,1))) -> -7.5 | E12: =if( ModifiedAvg!E12 =0,0, if( ModifiedAvg!E12 >=36, ROUND((36-ModifiedAvg!E12)*0.75,1), round(36 -ModifiedAvg!E12,1))) -> -7.2 | F12: =if( ModifiedAvg!F12 =0,0, if( ModifiedAvg!F12 >=36, ROUND((36-ModifiedAvg!F12)* (0.75 + (count(Actuals!C12:F12)/18*0.15)),1), round(36 -ModifiedAvg!F12,1))) -> -7.2 | G12: =if( ModifiedAvg!G12 =0,0, if( ModifiedAvg!G12 >=36, ROUND((36-ModifiedAvg!G12)* (0.75 + (count(Actuals!$C12:G12)/18*0.15)),1), round(36 -ModifiedAvg!G12,1))) -> -7.2 | H12: =if( ModifiedAvg!H12 =0,0, if( ModifiedAvg!H12 >=36, ROUND((36-ModifiedAvg!H12)* (0.83),1), round(36 -ModifiedAvg!H12,1))) -> -7.9 | I12: =if( ModifiedAvg!I12 =0,0, if( ModifiedAvg!I12 >=36, ROUND((36-ModifiedAvg!I12)* (0.83),1), round(36 -ModifiedAvg!I12,1))) -> -7.9 | J12: =if( ModifiedAvg!J12 =0,0, if( ModifiedAvg!J12 >=36, ROUND((36-ModifiedAvg!J12)* (0.83),1), round(36 -ModifiedAvg!J12,1))) -> -7.9 | K12: =if( ModifiedAvg!K12 =0,0, if( ModifiedAvg!K12 >=36, ROUND((36-ModifiedAvg!K12)* (0.83),1), round(36 -ModifiedAvg!K12,1))) -> -7.9 | L12: =if( ModifiedAvg!L12 =0,0, if( ModifiedAvg!L12 >=36, ROUND((36-ModifiedAvg!L12)* (0.83),1), round(36 -ModifiedAvg!L12,1))) -> -7.9 | M12: =if( ModifiedAvg!M12 =0,0, if( ModifiedAvg!M12 >=36, ROUND((36-ModifiedAvg!M12)* (0.83),1), round(36 -ModifiedAvg!M12,1))) -> -7.9 | N12: =if( ModifiedAvg!N12 =0,0, if( ModifiedAvg!N12 >=36, ROUND((36-ModifiedAvg!N12)* (0.83),1), round(36 -ModifiedAvg!N12,1))) -> -7.9 | O12: =if( ModifiedAvg!O12 =0,0, if( ModifiedAvg!O12 >=36, ROUND((36-ModifiedAvg!O12)* (0.83),1), round(36 -ModifiedAvg!O12,1))) -> -7.9 | ... Q12: =if( ModifiedAvg!Q12 =0,0, if( ModifiedAvg!Q12 >=36, ROUND((36-ModifiedAvg!Q12)* (0.83),1), round(36 -ModifiedAvg!Q12,1))) -> -7.9 | R12: =if( ModifiedAvg!R12 =0,0, if( ModifiedAvg!R12 >=36, ROUND((36-ModifiedAvg!R12)* (0.75 + (count(Actuals!$C12:R12)/18*0.15)),1), round((36 -ModifiedAvg!R12)/2,1))) -> 0
A13: =Actuals!B13 -> Grant G | B13: =if( ModifiedAvg!B13 =0,0, if( ModifiedAvg!B13 >=$B$2, ROUND(($B$2-ModifiedAvg!B13)* (0.75 + (count(Actuals!B13:$C13)/18*0.15)),1), round($B$2 -ModifiedAvg!B13,1))) -> 0 | C13: =if( ModifiedAvg!C13 =0,0, if( ModifiedAvg!C13 >=$C$2, ROUND(($C$2-ModifiedAvg!C13)* (0.75 + (count(Actuals!C13:$C13)/18*0.15)),1), round($C$2 -ModifiedAvg!C13,1))) -> 0 | D13: =if( ModifiedAvg!D13 =0,0, if( ModifiedAvg!D13 >=$D$2, ROUND(($D$2-ModifiedAvg!D13)*0.75,1), round($D$2 -ModifiedAvg!D13,1))) -> 0 | E13: =if( ModifiedAvg!E13 =0,0, if( ModifiedAvg!E13 >=36, ROUND((36-ModifiedAvg!E13)*0.75,1), round(36 -ModifiedAvg!E13,1))) -> 0 | F13: =if( ModifiedAvg!F13 =0,0, if( ModifiedAvg!F13 >=36, ROUND((36-ModifiedAvg!F13)* (0.75 + (count(Actuals!C13:F13)/18*0.15)),1), round(36 -ModifiedAvg!F13,1))) -> 0 | G13: =if( ModifiedAvg!G13 =0,0, if( ModifiedAvg!G13 >=36, ROUND((36-ModifiedAvg!G13)* (0.75 + (count(Actuals!$C13:G13)/18*0.15)),1), round(36 -ModifiedAvg!G13,1))) -> 0 | H13: =if( ModifiedAvg!H13 =0,0, if( ModifiedAvg!H13 >=36, ROUND((36-ModifiedAvg!H13)* (0.83),1), round(36 -ModifiedAvg!H13,1))) -> 0 | I13: =if( ModifiedAvg!I13 =0,0, if( ModifiedAvg!I13 >=36, ROUND((36-ModifiedAvg!I13)* (0.83),1), round(36 -ModifiedAvg!I13,1))) -> 0 | J13: =if( ModifiedAvg!J13 =0,0, if( ModifiedAvg!J13 >=36, ROUND((36-ModifiedAvg!J13)* (0.83),1), round(36 -ModifiedAvg!J13,1))) -> 0 | K13: =if( ModifiedAvg!K13 =0,0, if( ModifiedAvg!K13 >=36, ROUND((36-ModifiedAvg!K13)* (0.83),1), round(36 -ModifiedAvg!K13,1))) -> 0 | L13: =if( ModifiedAvg!L13 =0,0, if( ModifiedAvg!L13 >=36, ROUND((36-ModifiedAvg!L13)* (0.83),1), round(36 -ModifiedAvg!L13,1))) -> 0 | M13: =if( ModifiedAvg!M13 =0,0, if( ModifiedAvg!M13 >=36, ROUND((36-ModifiedAvg!M13)* (0.83),1), round(36 -ModifiedAvg!M13,1))) -> 0 | N13: =if( ModifiedAvg!N13 =0,0, if( ModifiedAvg!N13 >=36, ROUND((36-ModifiedAvg!N13)* (0.83),1), round(36 -ModifiedAvg!N13,1))) -> 0 | O13: =if( ModifiedAvg!O13 =0,0, if( ModifiedAvg!O13 >=36, ROUND((36-ModifiedAvg!O13)* (0.83),1), round(36 -ModifiedAvg!O13,1))) -> 0 | ... Q13: =if( ModifiedAvg!Q13 =0,0, if( ModifiedAvg!Q13 >=36, ROUND((36-ModifiedAvg!Q13)* (0.83),1), round(36 -ModifiedAvg!Q13,1))) -> 0 | R13: =if( ModifiedAvg!R13 =0,0, if( ModifiedAvg!R13 >=36, ROUND((36-ModifiedAvg!R13)* (0.75 + (count(Actuals!$C13:R13)/18*0.15)),1), round((36 -ModifiedAvg!R13)/2,1))) -> 0
A14: =Actuals!B14 -> Jeff H | B14: =if( ModifiedAvg!B14 =0,0, if( ModifiedAvg!B14 >=$B$2, ROUND(($B$2-ModifiedAvg!B14)* (0.75 + (count(Actuals!B14:$C14)/18*0.15)),1), round($B$2 -ModifiedAvg!B14,1))) -> -12.8 | C14: =if( ModifiedAvg!C14 =0,0, if( ModifiedAvg!C14 >=$C$2, ROUND(($C$2-ModifiedAvg!C14)* (0.75 + (count(Actuals!C14:$C14)/18*0.15)),1), round($C$2 -ModifiedAvg!C14,1))) -> -12 | D14: =if( ModifiedAvg!D14 =0,0, if( ModifiedAvg!D14 >=$D$2, ROUND(($D$2-ModifiedAvg!D14)*0.75,1), round($D$2 -ModifiedAvg!D14,1))) -> -12.8 | E14: =if( ModifiedAvg!E14 =0,0, if( ModifiedAvg!E14 >=36, ROUND((36-ModifiedAvg!E14)*0.75,1), round(36 -ModifiedAvg!E14,1))) -> -11.3 | F14: =if( ModifiedAvg!F14 =0,0, if( ModifiedAvg!F14 >=36, ROUND((36-ModifiedAvg!F14)* (0.75 + (count(Actuals!C14:F14)/18*0.15)),1), round(36 -ModifiedAvg!F14,1))) -> -11.3 | G14: =if( ModifiedAvg!G14 =0,0, if( ModifiedAvg!G14 >=36, ROUND((36-ModifiedAvg!G14)* (0.75 + (count(Actuals!$C14:G14)/18*0.15)),1), round(36 -ModifiedAvg!G14,1))) -> -11.3 | H14: =if( ModifiedAvg!H14 =0,0, if( ModifiedAvg!H14 >=36, ROUND((36-ModifiedAvg!H14)* (0.83),1), round(36 -ModifiedAvg!H14,1))) -> -12.5 | I14: =if( ModifiedAvg!I14 =0,0, if( ModifiedAvg!I14 >=36, ROUND((36-ModifiedAvg!I14)* (0.83),1), round(36 -ModifiedAvg!I14,1))) -> -12.5 | J14: =if( ModifiedAvg!J14 =0,0, if( ModifiedAvg!J14 >=36, ROUND((36-ModifiedAvg!J14)* (0.83),1), round(36 -ModifiedAvg!J14,1))) -> -12.5 | K14: =if( ModifiedAvg!K14 =0,0, if( ModifiedAvg!K14 >=36, ROUND((36-ModifiedAvg!K14)* (0.83),1), round(36 -ModifiedAvg!K14,1))) -> -12.5 | L14: =if( ModifiedAvg!L14 =0,0, if( ModifiedAvg!L14 >=36, ROUND((36-ModifiedAvg!L14)* (0.83),1), round(36 -ModifiedAvg!L14,1))) -> -12.5 | M14: =if( ModifiedAvg!M14 =0,0, if( ModifiedAvg!M14 >=36, ROUND((36-ModifiedAvg!M14)* (0.83),1), round(36 -ModifiedAvg!M14,1))) -> -12.5 | N14: =if( ModifiedAvg!N14 =0,0, if( ModifiedAvg!N14 >=36, ROUND((36-ModifiedAvg!N14)* (0.83),1), round(36 -ModifiedAvg!N14,1))) -> -12.5 | O14: =if( ModifiedAvg!O14 =0,0, if( ModifiedAvg!O14 >=36, ROUND((36-ModifiedAvg!O14)* (0.83),1), round(36 -ModifiedAvg!O14,1))) -> -12.5 | ... Q14: =if( ModifiedAvg!Q14 =0,0, if( ModifiedAvg!Q14 >=36, ROUND((36-ModifiedAvg!Q14)* (0.83),1), round(36 -ModifiedAvg!Q14,1))) -> -12.5 | R14: =if( ModifiedAvg!R14 =0,0, if( ModifiedAvg!R14 >=36, ROUND((36-ModifiedAvg!R14)* (0.75 + (count(Actuals!$C14:R14)/18*0.15)),1), round((36 -ModifiedAvg!R14)/2,1))) -> 0
A15: =Actuals!B15 -> Jenna T | B15: =if( ModifiedAvg!B15 =0,0, if( ModifiedAvg!B15 >=$B$2, ROUND(($B$2-ModifiedAvg!B15)* (0.75 + (count(Actuals!B15:$C15)/18*0.15)),1), round($B$2 -ModifiedAvg!B15,1))) -> -6.6 | C15: =if( ModifiedAvg!C15 =0,0, if( ModifiedAvg!C15 >=$C$2, ROUND(($C$2-ModifiedAvg!C15)* (0.75 + (count(Actuals!C15:$C15)/18*0.15)),1), round($C$2 -ModifiedAvg!C15,1))) -> -5.9 | D15: =if( ModifiedAvg!D15 =0,0, if( ModifiedAvg!D15 >=$D$2, ROUND(($D$2-ModifiedAvg!D15)*0.75,1), round($D$2 -ModifiedAvg!D15,1))) -> -6.6 | E15: =if( ModifiedAvg!E15 =0,0, if( ModifiedAvg!E15 >=36, ROUND((36-ModifiedAvg!E15)*0.75,1), round(36 -ModifiedAvg!E15,1))) -> -5.1 | F15: =if( ModifiedAvg!F15 =0,0, if( ModifiedAvg!F15 >=36, ROUND((36-ModifiedAvg!F15)* (0.75 + (count(Actuals!C15:F15)/18*0.15)),1), round(36 -ModifiedAvg!F15,1))) -> -5.1 | G15: =if( ModifiedAvg!G15 =0,0, if( ModifiedAvg!G15 >=36, ROUND((36-ModifiedAvg!G15)* (0.75 + (count(Actuals!$C15:G15)/18*0.15)),1), round(36 -ModifiedAvg!G15,1))) -> -5.1 | H15: =if( ModifiedAvg!H15 =0,0, if( ModifiedAvg!H15 >=36, ROUND((36-ModifiedAvg!H15)* (0.83),1), round(36 -ModifiedAvg!H15,1))) -> -5.6 | I15: =if( ModifiedAvg!I15 =0,0, if( ModifiedAvg!I15 >=36, ROUND((36-ModifiedAvg!I15)* (0.83),1), round(36 -ModifiedAvg!I15,1))) -> -5.6 | J15: =if( ModifiedAvg!J15 =0,0, if( ModifiedAvg!J15 >=36, ROUND((36-ModifiedAvg!J15)* (0.83),1), round(36 -ModifiedAvg!J15,1))) -> -5.6 | K15: =if( ModifiedAvg!K15 =0,0, if( ModifiedAvg!K15 >=36, ROUND((36-ModifiedAvg!K15)* (0.83),1), round(36 -ModifiedAvg!K15,1))) -> -5.6 | L15: =if( ModifiedAvg!L15 =0,0, if( ModifiedAvg!L15 >=36, ROUND((36-ModifiedAvg!L15)* (0.83),1), round(36 -ModifiedAvg!L15,1))) -> -5.6 | M15: =if( ModifiedAvg!M15 =0,0, if( ModifiedAvg!M15 >=36, ROUND((36-ModifiedAvg!M15)* (0.83),1), round(36 -ModifiedAvg!M15,1))) -> -5.6 | N15: =if( ModifiedAvg!N15 =0,0, if( ModifiedAvg!N15 >=36, ROUND((36-ModifiedAvg!N15)* (0.83),1), round(36 -ModifiedAvg!N15,1))) -> -5.6 | O15: =if( ModifiedAvg!O15 =0,0, if( ModifiedAvg!O15 >=36, ROUND((36-ModifiedAvg!O15)* (0.83),1), round(36 -ModifiedAvg!O15,1))) -> -5.6 | ... Q15: =if( ModifiedAvg!Q15 =0,0, if( ModifiedAvg!Q15 >=36, ROUND((36-ModifiedAvg!Q15)* (0.83),1), round(36 -ModifiedAvg!Q15,1))) -> -5.6 | R15: =if( ModifiedAvg!R15 =0,0, if( ModifiedAvg!R15 >=36, ROUND((36-ModifiedAvg!R15)* (0.75 + (count(Actuals!$C15:R15)/18*0.15)),1), round((36 -ModifiedAvg!R15)/2,1))) -> 0
... A65: =Actuals!B65 -> blank21 | B65: =if( ModifiedAvg!B65 =0,0, if( ModifiedAvg!B65 >=$B$2, ROUND(($B$2-ModifiedAvg!B65)* (0.75 + (count(Actuals!B65:$C65)/18*0.15)),1), round($B$2 -ModifiedAvg!B65,1))) -> -1.5 | C65: =if( ModifiedAvg!C65 =0,0, if( ModifiedAvg!C65 >=$C$2, ROUND(($C$2-ModifiedAvg!C65)* (0.75 + (count(Actuals!C65:$C65)/18*0.15)),1), round($C$2 -ModifiedAvg!C65,1))) -> -0.8 | D65: =if( ModifiedAvg!D65 =0,0, if( ModifiedAvg!D65 >=$D$2, ROUND(($D$2-ModifiedAvg!D65)*0.75,1), round($D$2 -ModifiedAvg!D65,1))) -> -1.5 | E65: =if( ModifiedAvg!E65 =0,0, if( ModifiedAvg!E65 >=36, ROUND((36-ModifiedAvg!E65)*0.75,1), round(36 -ModifiedAvg!E65,1))) -> 0 | F65: =if( ModifiedAvg!F65 =0,0, if( ModifiedAvg!F65 >=36, ROUND((36-ModifiedAvg!F65)* (0.75 + (count(Actuals!C65:F65)/18*0.15)),1), round(36 -ModifiedAvg!F65,1))) -> 0 | G65: =if( ModifiedAvg!G65 =0,0, if( ModifiedAvg!G65 >=36, ROUND((36-ModifiedAvg!G65)* (0.75 + (count(Actuals!$C65:G65)/18*0.15)),1), round(36 -ModifiedAvg!G65,1))) -> 0 | H65: =if( ModifiedAvg!H65 =0,0, if( ModifiedAvg!H65 >=36, ROUND((36-ModifiedAvg!H65)* (0.83),1), round(36 -ModifiedAvg!H65,1))) -> 0 | I65: =if( ModifiedAvg!I65 =0,0, if( ModifiedAvg!I65 >=36, ROUND((36-ModifiedAvg!I65)* (0.83),1), round(36 -ModifiedAvg!I65,1))) -> 0 | J65: =if( ModifiedAvg!J65 =0,0, if( ModifiedAvg!J65 >=36, ROUND((36-ModifiedAvg!J65)* (0.83),1), round(36 -ModifiedAvg!J65,1))) -> 0 | K65: =if( ModifiedAvg!K65 =0,0, if( ModifiedAvg!K65 >=36, ROUND((36-ModifiedAvg!K65)* (0.83),1), round(36 -ModifiedAvg!K65,1))) -> 0 | L65: =if( ModifiedAvg!L65 =0,0, if( ModifiedAvg!L65 >=36, ROUND((36-ModifiedAvg!L65)* (0.83),1), round(36 -ModifiedAvg!L65,1))) -> 0 | M65: =if( ModifiedAvg!M65 =0,0, if( ModifiedAvg!M65 >=36, ROUND((36-ModifiedAvg!M65)* (0.83),1), round(36 -ModifiedAvg!M65,1))) -> 0 | N65: =if( ModifiedAvg!N65 =0,0, if( ModifiedAvg!N65 >=36, ROUND((36-ModifiedAvg!N65)* (0.83),1), round(36 -ModifiedAvg!N65,1))) -> 0 | O65: =if( ModifiedAvg!O65 =0,0, if( ModifiedAvg!O65 >=36, ROUND((36-ModifiedAvg!O65)* (0.83),1), round(36 -ModifiedAvg!O65,1))) -> 0 | ... Q65: =if( ModifiedAvg!Q65 =0,0, if( ModifiedAvg!Q65 >=36, ROUND((36-ModifiedAvg!Q65)* (0.83),1), round(36 -ModifiedAvg!Q65,1))) -> 0 | R65: =if( ModifiedAvg!R65 =0,0, if( ModifiedAvg!R65 >=36, ROUND((36-ModifiedAvg!R65)* (0.75 + (count(Actuals!$C65:R65)/18*0.15)),1), round((36 -ModifiedAvg!R65)/2,1))) -> 0

Sheet Golf League Availablity
A1: Simon R | B1: IN | C1: 4 | D1: 4
A2: Ryan R | B2: IN | C2: -1 | D2: -1
A3: Seth A | B3: IN | C3: 7 | D3: 7
A4: James D | B4: IN | C4: 16 | D4: 17
A5: Scott M | B5: IN | C5: 6 | D5: 6
A6: Brian M | B6: IN | C6: 8 | D6: 8
A7: Jordan V | B7: IN | C7: 1 | D7: 1
A8: Preston C | B8: IN | C8: 5 | D8: 5
A9: Russ B | B9: IN | C9: 9 | D9: 9
A10: Walt S | B10: IN | C10: 2 | D10: 2
A11: Tom B | B11: IN | C11: 8 | D11: 7
A12: Jon L | B12: IN | C12: 13 | D12: 13
... A20: Martin R | B20: IN | C20: 16 | D20: 16

Sheet CGI Finale Teams
A2: Team Walt | B2: Strokes | C2: Tees | E2: Team Ryan | F2: Strokes | G2: Tees | K2: House Link | L2: House Address
A3: Jordan | B3: -1 | C3: Back | E3: Ryan | F3: 1 | G3: Back | J3: Team Walt | K3: https://www.vrbo.com/2631893?dateless=true | L3: 5204 River Oaks Dr Kingsland, TX 78639
A4: Walt | B4: -2 | C4: Back | E4: Preston | F4: -5 | G4: Middle | J4: Team Ryan | K4: https://www.vrbo.com/3898781?dateless=true | L4: 5212 River Oaks Dr Kingsland, TX 78639
A5: Simon | B5: -4 | C5: Back | E5: Tom | F5: -7 | G5: Middle
A6: Scott | B6: -6 | C6: Middle | E6: Seth | F6: -7 | G6: Middle
A7: Brian | B7: -8 | C7: Middle | E7: Russ | F7: -9 | G7: Back
A8: Eddie | B8: -10 | C8: Middle | E8: Jon | F8: -13 | G8: Middle
A9: Martin | B9: -16 | C9: Middle | E9: Mark | F9: -16 | G9: Front
A10: James | B10: -17 | C10: Middle | E10: Jonah | F10: -17 | G10: Middle
A11: Dan | B11: -24 | C11: Middle | E11: Cam | F11: -19 | G11: Middle
A12: Nate | B12: -32 | C12: Middle | E12: Josh | F12: -34 | G12: Middle
A15: Day | B15: Course | C15: Tee Times | D15: Format
A16: Friday | B16: Ram Rock | C16: 10:25 - 11:05 | D16: 2 Man Best Ball
A17: Saturday | B17: Light House | C17: 9:27 - 10:03 | D17: 9 Hole Singles
A18: Sunday | B18: Legends | C18: 10:30 - 11:06 | D18: 2 Man Scramble
A22: Ram Rock
A23: Friday | B23: Walt Player 1 | C23: Walt Player 2 | D23: Ryan Player 1 | E23: Ryan Player 2 | F23: Tee Times
A24: Match 1 | B24: Walt (2) | C24: Eddie (10) | D24: Ryan (+1) | E24: Preston (5) | F24: 0.43402778 | G24: best ball
A25: Match 2 | B25: Jordan (1) | C25: Scott (6) | D25: Tom (7) | E25: Seth (7) | F25: 0.44097222 | G25: best ball
A26: Match 3 | B26: Simon (4) | C26: Brian (8) | D26: Russ (9) | E26: Jon (13) | F26: 0.44791667 | G26: best ball
A27: Match 4 | B27: Martin (16) | C27: James (17) | D27: MMM(16) | E27: Cam (19) | F27: 0.45486111 | G27: scramble
A28: Match 5 | B28: Nate (32) | C28: Dan (24) | D28: Jonah (17) | E28: Josh (34) | F28: 0.46180556 | G28: scramble
A30: Light House
A31: Saturday | B31: Walt Player 1 | C31: Walt Player 2 | D31: Ryan Player 1 | E31: Ryan Player 2 | F31: Tee Times
A32: Match 1 | B32: Eddie (10) | C32: James (17) | D32: MMM (16) | E32: Jonah (17) | F32: 0.39375
A33: Match 2 | B33: Simon (4) | C33: Walt (2) | D33: Seth (7) | E33: Jon(13) | F33: 0.4
A34: Match 3 | B34: Brian (8) | C34: Jordan (1) | D34: Ryan (+1) | E34: Tom (7) | F34: 0.40625
A35: Match 4 | B35: Scott (6) | C35: Nate (32) | D35: Preston (5) | E35: Cam (19) | F35: 0.4125
A36: Match 5 | B36: Dan (24) | C36: Martin (16) | D36: Russ (9) | E36: Josh (34) | F36: 0.41875
A38: Legends
A39: Sunday | B39: Walt Player 1 | C39: Walt Player 2 | D39: Ryan Player 1 | E39: Ryan Player 2 | F39: Tee Times
A40: Match 1 | B40: Walt (2) | C40: Nate (32) | D40: Tom (7) | E40: Cam (19) | F40: 0.4375
A41: Match 2 | B41: Jordan (1) | C41: James (17) | D41: Preston (5) | E41: Jon(13) | F41: 0.44375
A42: Match 3 | B42: Simon (4) | C42: Dan (24) | D42: Ryan (+1) | E42: Josh (34) | F42: 0.45
A43: Match 4 | B43: Brian (8) | C43: Martin (16) | D43: Seth (7) | E43: MMM (16) | F43: 0.45625
A44: Match 5 | B44: Eddie (10) | C44: Scott (6) | D44: Jonah (17) | E44: Russ (9) | F44: 0.4625
A86: Team | B86: name | C86: name strokes | D86: strokes | E86: tee
A87: Walt | B87: Jordan | C87: =B87&" ("&D87&")" -> Jordan (-1) | D87: -1 | E87: Back
A88: Walt | B88: Walt | C88: =B88&" ("&D88&")" -> Walt (-2) | D88: -2 | E88: Back
A89: Walt | B89: Simon | C89: =B89&" ("&D89&")" -> Simon (-4) | D89: -4 | E89: Back
A90: Walt | B90: Scott | C90: =B90&" ("&D90&")" -> Scott (-6) | D90: -6 | E90: Middle
A91: Walt | B91: Brian | C91: =B91&" ("&D91&")" -> Brian (-8) | D91: -8 | E91: Middle
A92: Walt | B92: Eddie | C92: =B92&" ("&D92&")" -> Eddie (-10) | D92: -10 | E92: Middle
A93: Walt | B93: Martin | C93: =B93&" ("&D93&")" -> Martin (-16) | D93: -16 | E93: Middle
A94: Walt | B94: James | C94: =B94&" ("&D94&")" -> James (-17) | D94: -17 | E94: Middle
A95: Walt | B95: Dan | C95: =B95&" ("&D95&")" -> Dan (-24) | D95: -24 | E95: Middle
A96: Walt | B96: Nate | C96: =B96&" ("&D96&")" -> Nate (-32) | D96: -32 | E96: Middle
A97: Ryan | B97: Ryan | C97: =B97&" ("&D97&")" -> Ryan (1) | D97: 1 | E97: Back
A98: Ryan | B98: Preston | C98: =B98&" ("&D98&")" -> Preston (-5) | D98: -5 | E98: Middle
... A106: Ryan | B106: Josh | C106: =B106&" ("&D106&")" -> Josh (-34) | D106: -34 | E106: Middle

Sheet Ram Rock
B1: Ram Rock | D1: Par | E1: 4 | F1: 4 | G1: 4 | H1: 3 | I1: 4 | J1: 4 | K1: 5 | L1: 3 | M1: 5 | N1: =sum(E1:M1) -> 36 | O1: 4 | P1: 4 | Q1: 3 | R1: 4 | S1: 5 | T1: 4 | U1: 4 | V1: 3 | W1: 4 | X1: =sum(O1:W1) -> 35 | Y1: =N1+X1 -> 71
D2: Handicap | E2: 7 | F2: 3 | G2: 1 | H2: 17 | I2: 5 | J2: 13 | K2: 11 | L2: 15 | M2: 9 | O2: 8 | P2: 2 | Q2: 18 | R2: 10 | S2: 4 | T2: 6 | U2: 12 | V2: 16 | W2: 14
A4: Group | B4: Team | C4: Player | D4: Strokes | E4: 1 | F4: 2 | G4: 3 | H4: 4 | I4: 5 | J4: 6 | K4: 7 | L4: 8 | M4: 9 | N4: Front | O4: 10 | P4: 11 | Q4: 12 | R4: 13 | S4: 14 | T4: 15 | U4: 16 | V4: 17 | W4: 18 | X4: Back | Y4: Total
A5: 1.1 | B5: Walt | C5: Walt | D5: =vlookup(C5,'CGI Finale Teams'!$B$87:$D$106,3,false) -> -2 | E5: 3 | F5: 4 | G5: 4 | H5: 3 | I5: 4 | J5: 4 | K5: 8 | L5: 4 | M5: 6 | N5: =sum(E5:M5) -> 40 | O5: 5 | P5: 7 | Q5: 2 | R5: 4 | S5: 4 | T5: 6 | U5: 6 | V5: 4 | W5: 5 | X5: =sum(O5:W5) -> 43 | Y5: =N5+X5 -> 83 | Z5: 1 POINT
A6: 1.2 | B6: Walt | C6: Eddie | D6: =vlookup(C6,'CGI Finale Teams'!$B$87:$D$106,3,false) -> -10 | E6: 5 | F6: 6 | G6: 6 | H6: 5 | I6: 5 | J6: 4 | K6: 8 | L6: 4 | M6: 6 | N6: =sum(E6:M6) -> 49 | O6: 6 | P6: 4 | Q6: 4 | R6: 4 | S6: 5 | T6: 7 | U6: 6 | V6: 4 | W6: 7 | X6: =sum(O6:W6) -> 47 | Y6: =N6+X6 -> 96
A7: 1.3 | B7: Ryan | C7: Ryan | D7: =vlookup(C7,'CGI Finale Teams'!$B$87:$D$106,3,false) -> 1 | E7: 4 | F7: 4 | G7: 3 | H7: 3 | I7: 5 | J7: 6 | K7: 5 | L7: 3 | M7: 6 | N7: =sum(E7:M7) -> 39 | O7: 3 | P7: 3 | Q7: 3 | R7: 5 | S7: 4 | T7: 4 | U7: 3 | V7: 3 | W7: 5 | X7: =sum(O7:W7) -> 33 | Y7: =N7+X7 -> 72 | Z7: 2 POINTS
A8: 1.4 | B8: Ryan | C8: Preston | D8: =vlookup(C8,'CGI Finale Teams'!$B$87:$D$106,3,false) -> -5 | E8: 5 | F8: 7 | G8: 5 | H8: 3 | I8: 6 | J8: 5 | K8: 6 | L8: 4 | M8: 8 | N8: =sum(E8:M8) -> 49 | O8: 5 | P8: 5 | Q8: 3 | R8: 4 | S8: 6 | T8: 5 | U8: 6 | V8: 5 | W8: 4 | X8: =sum(O8:W8) -> 43 | Y8: =N8+X8 -> 92
A9: 2.1 | B9: Walt | C9: Jordan | D9: =vlookup(C9,'CGI Finale Teams'!$B$87:$D$106,3,false) -> -1 | E9: 4 | F9: 5 | G9: 6 | H9: 3 | I9: 5 | J9: 4 | K9: 5 | L9: 2 | M9: 5 | N9: =sum(E9:M9) -> 39 | O9: 4 | P9: 6 | Q9: 4 | R9: 4 | S9: 6 | T9: 5 | U9: 6 | V9: 3 | W9: 5 | X9: =sum(O9:W9) -> 43 | Y9: =N9+X9 -> 82 | Z9: 2 POINTS
A10: 2.2 | B10: Walt | C10: Scott | D10: =vlookup(C10,'CGI Finale Teams'!$B$87:$D$106,3,false) -> -6 | E10: 5 | F10: 5 | G10: 4 | H10: 3 | I10: 4 | J10: 5 | K10: 5 | L10: 4 | M10: 5 | N10: =sum(E10:M10) -> 40 | O10: 6 | P10: 5 | Q10: 3 | R10: 5 | S10: 6 | T10: 6 | U10: 7 | V10: 4 | W10: 5 | X10: =sum(O10:W10) -> 47 | Y10: =N10+X10 -> 87
A11: 2.3 | B11: Ryan | C11: Tom | D11: =vlookup(C11,'CGI Finale Teams'!$B$87:$D$106,3,false) -> -7 | E11: 3 | F11: 6 | G11: 5 | H11: 3 | I11: 6 | J11: 4 | K11: 6 | L11: 4 | M11: 5 | N11: =sum(E11:M11) -> 42 | O11: 5 | P11: 4 | Q11: 4 | R11: 4 | S11: 5 | T11: 4 | U11: 7 | V11: 4 | W11: 4 | X11: =sum(O11:W11) -> 41 | Y11: =N11+X11 -> 83 | Z11: 1 POINT
A12: 2.4 | B12: Ryan | C12: Seth | D12: =vlookup(C12,'CGI Finale Teams'!$B$87:$D$106,3,false) -> -7 | E12: 5 | F12: 5 | G12: 5 | H12: 5 | I12: 5 | J12: 4 | K12: 6 | L12: 4 | M12: 5 | N12: =sum(E12:M12) -> 44 | O12: 6 | P12: 5 | Q12: 4 | R12: 5 | S12: 6 | T12: 5 | U12: 6 | V12: 4 | W12: 4 | X12: =sum(O12:W12) -> 45 | Y12: =N12+X12 -> 89
A13: 3.1 | B13: Walt | C13: Simon | D13: =vlookup(C13,'CGI Finale Teams'!$B$87:$D$106,3,false) -> -4 | E13: 4 | F13: 5 | G13: 4 | H13: 3 | I13: 4 | J13: 4 | K13: 4 | L13: 3 | M13: 6 | N13: =sum(E13:M13) -> 37 | O13: 4 | P13: 5 | Q13: 3 | R13: 4 | S13: 4 | T13: 5 | U13: 5 | V13: 4 | W13: 4 | X13: =sum(O13:W13) -> 38 | Y13: =N13+X13 -> 75 | Z13: 2 POINTS
A14: 3.2 | B14: Walt | C14: Brian | D14: =vlookup(C14,'CGI Finale Teams'!$B$87:$D$106,3,false) -> -8 | E14: 4 | F14: 5 | G14: 5 | H14: 4 | I14: 3 | J14: 4 | K14: 6 | L14: 3 | M14: 7 | N14: =sum(E14:M14) -> 41 | O14: 5 | P14: 7 | Q14: 4 | R14: 6 | S14: 5 | T14: 4 | U14: 5 | V14: 4 | W14: 4 | X14: =sum(O14:W14) -> 44 | Y14: =N14+X14 -> 85
A15: 3.3 | B15: Ryan | C15: Russ | D15: =vlookup(C15,'CGI Finale Teams'!$B$87:$D$106,3,false) -> -9 | E15: 5 | F15: 5 | G15: 4 | H15: 3 | I15: 4 | J15: 4 | K15: 5 | L15: 4 | M15: 7 | N15: =sum(E15:M15) -> 41 | O15: 4 | P15: 3 | Q15: 3 | R15: 4 | S15: 5 | T15: 5 | U15: 4 | V15: 4 | W15: 5 | X15: =sum(O15:W15) -> 37 | Y15: =N15+X15 -> 78 | Z15: 1 POINT
A16: 3.4 | B16: Ryan | C16: Jon | D16: =vlookup(C16,'CGI Finale Teams'!$B$87:$D$106,3,false) -> -13 | E16: 4 | F16: 7 | G16: 7 | H16: 5 | I16: 5 | J16: 5 | K16: 8 | L16: 5 | M16: 8 | N16: =sum(E16:M16) -> 54 | O16: 5 | P16: 6 | Q16: 3 | R16: 3 | S16: 6 | T16: 7 | U16: 6 | V16: 3 | W16: 5 | X16: =sum(O16:W16) -> 44 | Y16: =N16+X16 -> 98
A17: 4.1 | B17: Walt | C17: Martin | D17: =vlookup(C17,'CGI Finale Teams'!$B$87:$D$106,3,false) -> -16 | N17: =sum(E17:M17) -> 0 | X17: =sum(O17:W17) -> 0 | Y17: =N17+X17 -> 0
A18: 4.2 | B18: Walt | C18: James | D18: =vlookup(C18,'CGI Finale Teams'!$B$87:$D$106,3,false) -> -17 | N18: =sum(E18:M18) -> 0 | X18: =sum(O18:W18) -> 0 | Y18: =N18+X18 -> 0
A19: 4.3 | B19: Ryan | C19: Mark | D19: =vlookup(C19,'CGI Finale Teams'!$B$87:$D$106,3,false) -> -16 | N19: =sum(E19:M19) -> 0 | X19: =sum(O19:W19) -> 0 | Y19: =N19+X19 -> 0 | Z19: 3 POINTS
A20: 4.4 | B20: Ryan | C20: Cam | D20: =vlookup(C20,'CGI Finale Teams'!$B$87:$D$106,3,false) -> -19 | N20: =sum(E20:M20) -> 0 | X20: =sum(O20:W20) -> 0 | Y20: =N20+X20 -> 0
A21: =A17+1 -> 5.1 | B21: Walt | C21: Nate | D21: =vlookup(C21,'CGI Finale Teams'!$B$87:$D$106,3,false) -> -32 | N21: =sum(E21:M21) -> 0 | X21: =sum(O21:W21) -> 0 | Y21: =N21+X21 -> 0
A22: =A18+1 -> 5.2 | B22: Walt | C22: Dan | D22: =vlookup(C22,'CGI Finale Teams'!$B$87:$D$106,3,false) -> -24 | E22: 5 | F22: 5 | G22: 6 | H22: 3 | I22: 6 | J22: 4 | K22: 5 | L22: 6 | M22: 7 | N22: =sum(E22:M22) -> 47 | O22: 4 | P22: 6 | Q22: 4 | R22: 6 | S22: 6 | T22: 4 | U22: 5 | V22: 4 | W22: 4 | X22: =sum(O22:W22) -> 43 | Y22: =N22+X22 -> 90 | Z22: 2 POINTS
A23: =A19+1 -> 5.3 | B23: Ryan | C23: Jonah | D23: =vlookup(C23,'CGI Finale Teams'!$B$87:$D$106,3,false) -> -17 | E23: 5 | F23: 5 | G23: 6 | H23: 5 | I23: 6 | J23: 5 | K23: 5 | L23: 5 | M23: 6 | N23: =sum(E23:M23) -> 48 | O23: 4 | P23: 6 | Q23: 4 | R23: 6 | S23: 4 | T23: 4 | U23: 5 | V23: 3 | W23: 4 | X23: =sum(O23:W23) -> 40 | Y23: =N23+X23 -> 88 | Z23: 1 POINT
A24: =A20+1 -> 5.4 | B24: Ryan | C24: Josh | D24: =vlookup(C24,'CGI Finale Teams'!$B$87:$D$106,3,false) -> -34 | N24: =sum(E24:M24) -> 0 | X24: =sum(O24:W24) -> 0 | Y24: =N24+X24 -> 0
A28: Group | B28: Strokes | C28: Player | D28: Eff Str | E28: 1 | F28: 2 | G28: 3 | H28: 4 | I28: 5 | J28: 6 | K28: 7 | L28: 8 | M28: 9 | N28: Front | O28: 10 | P28: 11 | Q28: 12 | R28: 13 | S28: 14 | T28: 15 | U28: 16 | V28: 17 | W28: 18 | X28: Back | Y28: Total
A29: =A5 -> 1.1 | B29: =vlookup(C29,'CGI Finale Teams'!$B$87:$D$106,3,false) -> -2 | C29: =C5 -> Walt | D29: =B29-MAX(B$29:B$33) -> -3 | E29: =if(E5>0,E5-if( ($D29*-1)>=E$2,1, 0),0) -> 3 | F29: =if(F5>0,F5-if( ($D29*-1)>=F$2,1, 0),0) -> 3 | G29: =if(G5>0,G5-if( ($D29*-1)>=G$2,1, 0),0) -> 3 | H29: =if(H5>0,H5-if( ($D29*-1)>=H$2,1, 0),0) -> 3 | I29: =if(I5>0,I5-if( ($D29*-1)>=I$2,1, 0),0) -> 4 | J29: =if(J5>0,J5-if( ($D29*-1)>=J$2,1, 0),0) -> 4 | K29: =if(K5>0,K5-if( ($D29*-1)>=K$2,1, 0),0) -> 8 | L29: =if(L5>0,L5-if( ($D29*-1)>=L$2,1, 0),0) -> 4 | M29: =if(M5>0,M5-if( ($D29*-1)>=M$2,1, 0),0) -> 6 | N29: =sum(E29:M29) -> 38 | O29: =if(O5>0,O5-if( ($D29*-1)>=O$2,1, 0),0) -> 5 | P29: =if(P5>0,P5-if( ($D29*-1)>=P$2,1, 0),0) -> 6 | Q29: =if(Q5>0,Q5-if( ($D29*-1)>=Q$2,1, 0),0) -> 2 | R29: =if(R5>0,R5-if( ($D29*-1)>=R$2,1, 0),0) -> 4 | S29: =if(S5>0,S5-if( ($D29*-1)>=S$2,1, 0),0) -> 4 | T29: =if(T5>0,T5-if( ($D29*-1)>=T$2,1, 0),0) -> 6 | U29: =if(U5>0,U5-if( ($D29*-1)>=U$2,1, 0),0) -> 6 | V29: =if(V5>0,V5-if( ($D29*-1)>=V$2,1, 0),0) -> 4 | W29: =if(W5>0,W5-if( ($D29*-1)>=W$2,1, 0),0) -> 5 | X29: =sum(O29:W29) -> 42 | Y29: =N29+X29 -> 80
A30: =A6 -> 1.2 | B30: =vlookup(C30,'CGI Finale Teams'!$B$87:$D$106,3,false) -> -10 | C30: =C6 -> Eddie | D30: =B30-MAX(B$29:B$33) -> -11 | E30: =if(E6>0,E6-if( ($D30*-1)>=E$2,1, 0),0) -> 4 | F30: =if(F6>0,F6-if( ($D30*-1)>=F$2,1, 0),0) -> 5 | G30: =if(G6>0,G6-if( ($D30*-1)>=G$2,1, 0),0) -> 5 | H30: =if(H6>0,H6-if( ($D30*-1)>=H$2,1, 0),0) -> 5 | I30: =if(I6>0,I6-if( ($D30*-1)>=I$2,1, 0),0) -> 4 | J30: =if(J6>0,J6-if( ($D30*-1)>=J$2,1, 0),0) -> 4 | K30: =if(K6>0,K6-if( ($D30*-1)>=K$2,1, 0),0) -> 7 | L30: =if(L6>0,L6-if( ($D30*-1)>=L$2,1, 0),0) -> 4 | M30: =if(M6>0,M6-if( ($D30*-1)>=M$2,1, 0),0) -> 5 | N30: =sum(E30:M30) -> 43 | O30: =if(O6>0,O6-if( ($D30*-1)>=O$2,1, 0),0) -> 5 | P30: =if(P6>0,P6-if( ($D30*-1)>=P$2,1, 0),0) -> 3 | Q30: =if(Q6>0,Q6-if( ($D30*-1)>=Q$2,1, 0),0) -> 4 | R30: =if(R6>0,R6-if( ($D30*-1)>=R$2,1, 0),0) -> 3 | S30: =if(S6>0,S6-if( ($D30*-1)>=S$2,1, 0),0) -> 4 | T30: =if(T6>0,T6-if( ($D30*-1)>=T$2,1, 0),0) -> 6 | U30: =if(U6>0,U6-if( ($D30*-1)>=U$2,1, 0),0) -> 6 | V30: =if(V6>0,V6-if( ($D30*-1)>=V$2,1, 0),0) -> 4 | W30: =if(W6>0,W6-if( ($D30*-1)>=W$2,1, 0),0) -> 7 | X30: =sum(O30:W30) -> 42 | Y30: =N30+X30 -> 85
C31: =C29&"/"&C30 -> Walt/Eddie | D31: BB Net | E31: =min(E29:E30) -> 3 | F31: =min(F29:F30) -> 3 | G31: =min(G29:G30) -> 3 | H31: =min(H29:H30) -> 3 | I31: =min(I29:I30) -> 4 | J31: =min(J29:J30) -> 4 | K31: =min(K29:K30) -> 7 | L31: =min(L29:L30) -> 4 | M31: =min(M29:M30) -> 5 | N31: =sum(E31:M31) -> 36 | O31: =min(O29:O30) -> 5 | P31: =min(P29:P30) -> 3 | Q31: =min(Q29:Q30) -> 2 | R31: =min(R29:R30) -> 3 | S31: =min(S29:S30) -> 4 | T31: =min(T29:T30) -> 6 | U31: =min(U29:U30) -> 6 | V31: =min(V29:V30) -> 4 | W31: =min(W29:W30) -> 5 | X31: =sum(O31:W31) -> 38 | Y31: =N31+X31 -> 74
A32: =A7 -> 1.3 | B32: =vlookup(C32,'CGI Finale Teams'!$B$87:$D$106,3,false) -> 1 | C32: =C7 -> Ryan | D32: =B32-MAX(B$29:B$33) -> 0 | E32: =if(E7>0,E7-if( ($D32*-1)>=E$2,1, 0),0) -> 4 | F32: =if(F7>0,F7-if( ($D32*-1)>=F$2,1, 0),0) -> 4 | G32: =if(G7>0,G7-if( ($D32*-1)>=G$2,1, 0),0) -> 3 | H32: =if(H7>0,H7-if( ($D32*-1)>=H$2,1, 0),0) -> 3 | I32: =if(I7>0,I7-if( ($D32*-1)>=I$2,1, 0),0) -> 5 | J32: =if(J7>0,J7-if( ($D32*-1)>=J$2,1, 0),0) -> 6 | K32: =if(K7>0,K7-if( ($D32*-1)>=K$2,1, 0),0) -> 5 | L32: =if(L7>0,L7-if( ($D32*-1)>=L$2,1, 0),0) -> 3 | M32: =if(M7>0,M7-if( ($D32*-1)>=M$2,1, 0),0) -> 6 | N32: =sum(E32:M32) -> 39 | O32: =if(O7>0,O7-if( ($D32*-1)>=O$2,1, 0),0) -> 3 | P32: =if(P7>0,P7-if( ($D32*-1)>=P$2,1, 0),0) -> 3 | Q32: =if(Q7>0,Q7-if( ($D32*-1)>=Q$2,1, 0),0) -> 3 | R32: =if(R7>0,R7-if( ($D32*-1)>=R$2,1, 0),0) -> 5 | S32: =if(S7>0,S7-if( ($D32*-1)>=S$2,1, 0),0) -> 4 | T32: =if(T7>0,T7-if( ($D32*-1)>=T$2,1, 0),0) -> 4 | U32: =if(U7>0,U7-if( ($D32*-1)>=U$2,1, 0),0) -> 3 | V32: =if(V7>0,V7-if( ($D32*-1)>=V$2,1, 0),0) -> 3 | W32: =if(W7>0,W7-if( ($D32*-1)>=W$2,1, 0),0) -> 5 | X32: =sum(O32:W32) -> 33 | Y32: =N32+X32 -> 72
A33: =A8 -> 1.4 | B33: =vlookup(C33,'CGI Finale Teams'!$B$87:$D$106,3,false) -> -5 | C33: =C8 -> Preston | D33: =B33-MAX(B$29:B$33) -> -6 | E33: =if(E8>0,E8-if( ($D33*-1)>=E$2,1, 0),0) -> 5 | F33: =if(F8>0,F8-if( ($D33*-1)>=F$2,1, 0),0) -> 6 | G33: =if(G8>0,G8-if( ($D33*-1)>=G$2,1, 0),0) -> 4 | H33: =if(H8>0,H8-if( ($D33*-1)>=H$2,1, 0),0) -> 3 | I33: =if(I8>0,I8-if( ($D33*-1)>=I$2,1, 0),0) -> 5 | J33: =if(J8>0,J8-if( ($D33*-1)>=J$2,1, 0),0) -> 5 | K33: =if(K8>0,K8-if( ($D33*-1)>=K$2,1, 0),0) -> 6 | L33: =if(L8>0,L8-if( ($D33*-1)>=L$2,1, 0),0) -> 4 | M33: =if(M8>0,M8-if( ($D33*-1)>=M$2,1, 0),0) -> 8 | N33: =sum(E33:M33) -> 46 | O33: =if(O8>0,O8-if( ($D33*-1)>=O$2,1, 0),0) -> 5 | P33: =if(P8>0,P8-if( ($D33*-1)>=P$2,1, 0),0) -> 4 | Q33: =if(Q8>0,Q8-if( ($D33*-1)>=Q$2,1, 0),0) -> 3 | R33: =if(R8>0,R8-if( ($D33*-1)>=R$2,1, 0),0) -> 4 | S33: =if(S8>0,S8-if( ($D33*-1)>=S$2,1, 0),0) -> 5 | T33: =if(T8>0,T8-if( ($D33*-1)>=T$2,1, 0),0) -> 4 | U33: =if(U8>0,U8-if( ($D33*-1)>=U$2,1, 0),0) -> 6 | V33: =if(V8>0,V8-if( ($D33*-1)>=V$2,1, 0),0) -> 5 | W33: =if(W8>0,W8-if( ($D33*-1)>=W$2,1, 0),0) -> 4 | X33: =sum(O33:W33) -> 40 | Y33: =N33+X33 -> 86
C34: =C32&"/"&C33 -> Ryan/Preston | D34: BB Net | E34: =min(E32:E33) -> 4 | F34: =min(F32:F33) -> 4 | G34: =min(G32:G33) -> 3 | H34: =min(H32:H33) -> 3 | I34: =min(I32:I33) -> 5 | J34: =min(J32:J33) -> 5 | K34: =min(K32:K33) -> 5 | L34: =min(L32:L33) -> 3 | M34: =min(M32:M33) -> 6 | N34: =sum(E34:M34) -> 38 | O34: =min(O32:O33) -> 3 | P34: =min(P32:P33) -> 3 | Q34: =min(Q32:Q33) -> 3 | R34: =min(R32:R33) -> 4 | S34: =min(S32:S33) -> 4 | T34: =min(T32:T33) -> 4 | U34: =min(U32:U33) -> 3 | V34: =min(V32:V33) -> 3 | W34: =min(W32:W33) -> 4 | X34: =sum(O34:W34) -> 31 | Y34: =N34+X34 -> 69
D35: Match | E35: =if(E34<E31,1,if(E34>E31,-1,0)) -> -1 | F35: =if(F34<F31,1,if(F34>F31,-1,0))+E35 -> -2 | G35: =if(G34<G31,1,if(G34>G31,-1,0))+F35 -> -2 | H35: =if(H34<H31,1,if(H34>H31,-1,0))+G35 -> -2 | I35: =if(I34<I31,1,if(I34>I31,-1,0))+H35 -> -3 | J35: =if(J34<J31,1,if(J34>J31,-1,0))+I35 -> -4 | K35: =if(K34<K31,1,if(K34>K31,-1,0))+J35 -> -3 | L35: =if(L34<L31,1,if(L34>L31,-1,0))+K35 -> -2 | M35: =if(M34<M31,1,if(M34>M31,-1,0))+L35 -> -3 | N35: =M35 -> -3 | O35: =if(O34<O31,1,if(O34>O31,-1,0))+N35 -> -2 | P35: =if(P34<P31,1,if(P34>P31,-1,0))+O35 -> -2 | Q35: =if(Q34<Q31,1,if(Q34>Q31,-1,0))+P35 -> -3 | R35: =if(R34<R31,1,if(R34>R31,-1,0))+Q35 -> -4 | S35: =if(S34<S31,1,if(S34>S31,-1,0))+R35 -> -4 | T35: =if(T34<T31,1,if(T34>T31,-1,0))+S35 -> -3 | U35: =if(U34<U31,1,if(U34>U31,-1,0))+T35 -> -2 | V35: =if(V34<V31,1,if(V34>V31,-1,0))+U35 -> -1 | W35: =if(W34<W31,1,if(W34>W31,-1,0))+V35 -> 0 | X35: =W35-N35 -> 3 | Y35: =W35 -> 0
A37: Group | B37: Strokes | C37: Player | D37: Eff Str | E37: 1 | F37: 2 | G37: 3 | H37: 4 | I37: 5 | J37: 6 | K37: 7 | L37: 8 | M37: 9 | N37: Front | O37: 10 | P37: 11 | Q37: 12 | R37: 13 | S37: 14 | T37: 15 | U37: 16 | V37: 17 | W37: 18 | X37: Back | Y37: Total
A38: =A9 -> 2.1 | B38: =vlookup(C38,'CGI Finale Teams'!$B$87:$D$106,3,false) -> -1 | C38: =C9 -> Jordan | D38: =B38-MAX(B$23:B$42) -> -2 | E38: =if(E9>0,E9-if( ($D38*-1)>=E$2,1, 0),0) -> 4 | F38: =if(F9>0,F9-if( ($D38*-1)>=F$2,1, 0),0) -> 5 | G38: =if(G9>0,G9-if( ($D38*-1)>=G$2,1, 0),0) -> 5 | H38: =if(H9>0,H9-if( ($D38*-1)>=H$2,1, 0),0) -> 3 | I38: =if(I9>0,I9-if( ($D38*-1)>=I$2,1, 0),0) -> 5 | J38: =if(J9>0,J9-if( ($D38*-1)>=J$2,1, 0),0) -> 4 | K38: =if(K9>0,K9-if( ($D38*-1)>=K$2,1, 0),0) -> 5 | L38: =if(L9>0,L9-if( ($D38*-1)>=L$2,1, 0),0) -> 2 | M38: =if(M9>0,M9-if( ($D38*-1)>=M$2,1, 0),0) -> 5 | N38: =sum(E38:M38) -> 38 | O38: =if(O9>0,O9-if( ($D38*-1)>=O$2,1, 0),0) -> 4 | P38: =if(P9>0,P9-if( ($D38*-1)>=P$2,1, 0),0) -> 5 | Q38: =if(Q9>0,Q9-if( ($D38*-1)>=Q$2,1, 0),0) -> 4 | R38: =if(R9>0,R9-if( ($D38*-1)>=R$2,1, 0),0) -> 4 | S38: =if(S9>0,S9-if( ($D38*-1)>=S$2,1, 0),0) -> 6 | T38: =if(T9>0,T9-if( ($D38*-1)>=T$2,1, 0),0) -> 5 | U38: =if(U9>0,U9-if( ($D38*-1)>=U$2,1, 0),0) -> 6 | V38: =if(V9>0,V9-if( ($D38*-1)>=V$2,1, 0),0) -> 3 | W38: =if(W9>0,W9-if( ($D38*-1)>=W$2,1, 0),0) -> 5 | X38: =sum(O38:W38) -> 42 | Y38: =N38+X38 -> 80
A39: =A10 -> 2.2 | B39: =vlookup(C39,'CGI Finale Teams'!$B$87:$D$106,3,false) -> -6 | C39: =C10 -> Scott | D39: =B39-MAX(B$23:B$42) -> -7 | E39: =if(E10>0,E10-if( ($D39*-1)>=E$2,1, 0),0) -> 4 | F39: =if(F10>0,F10-if( ($D39*-1)>=F$2,1, 0),0) -> 4 | G39: =if(G10>0,G10-if( ($D39*-1)>=G$2,1, 0),0) -> 3 | H39: =if(H10>0,H10-if( ($D39*-1)>=H$2,1, 0),0) -> 3 | I39: =if(I10>0,I10-if( ($D39*-1)>=I$2,1, 0),0) -> 3 | J39: =if(J10>0,J10-if( ($D39*-1)>=J$2,1, 0),0) -> 5 | K39: =if(K10>0,K10-if( ($D39*-1)>=K$2,1, 0),0) -> 5 | L39: =if(L10>0,L10-if( ($D39*-1)>=L$2,1, 0),0) -> 4 | M39: =if(M10>0,M10-if( ($D39*-1)>=M$2,1, 0),0) -> 5 | N39: =sum(E39:M39) -> 36 | O39: =if(O10>0,O10-if( ($D39*-1)>=O$2,1, 0),0) -> 6 | P39: =if(P10>0,P10-if( ($D39*-1)>=P$2,1, 0),0) -> 4 | Q39: =if(Q10>0,Q10-if( ($D39*-1)>=Q$2,1, 0),0) -> 3 | R39: =if(R10>0,R10-if( ($D39*-1)>=R$2,1, 0),0) -> 5 | S39: =if(S10>0,S10-if( ($D39*-1)>=S$2,1, 0),0) -> 5 | T39: =if(T10>0,T10-if( ($D39*-1)>=T$2,1, 0),0) -> 5 | U39: =if(U10>0,U10-if( ($D39*-1)>=U$2,1, 0),0) -> 7 | V39: =if(V10>0,V10-if( ($D39*-1)>=V$2,1, 0),0) -> 4 | W39: =if(W10>0,W10-if( ($D39*-1)>=W$2,1, 0),0) -> 5 | X39: =sum(O39:W39) -> 44 | Y39: =N39+X39 -> 80
C40: =C38&"/"&C39 -> Jordan/Scott | D40: BB Net | E40: =min(E38:E39) -> 4 | F40: =min(F38:F39) -> 4 | G40: =min(G38:G39) -> 3 | H40: =min(H38:H39) -> 3 | I40: =min(I38:I39) -> 3 | J40: =min(J38:J39) -> 4 | K40: =min(K38:K39) -> 5 | L40: =min(L38:L39) -> 2 | M40: =min(M38:M39) -> 5 | N40: =sum(E40:M40) -> 33 | O40: =min(O38:O39) -> 4 | P40: =min(P38:P39) -> 4 | Q40: =min(Q38:Q39) -> 3 | R40: =min(R38:R39) -> 4 | S40: =min(S38:S39) -> 5 | T40: =min(T38:T39) -> 5 | U40: =min(U38:U39) -> 6 | V40: =min(V38:V39) -> 3 | W40: =min(W38:W39) -> 5 | X40: =sum(O40:W40) -> 39 | Y40: =N40+X40 -> 72
A41: =A11 -> 2.3 | B41: =vlookup(C41,'CGI Finale Teams'!$B$87:$D$106,3,false) -> -7 | C41: =C11 -> Tom | D41: =B41-MAX(B$23:B$42) -> -8 | E41: =if(E11>0,E11-if( ($D41*-1)>=E$2,1, 0),0) -> 2 | F41: =if(F11>0,F11-if( ($D41*-1)>=F$2,1, 0),0) -> 5 | G41: =if(G11>0,G11-if( ($D41*-1)>=G$2,1, 0),0) -> 4 | H41: =if(H11>0,H11-if( ($D41*-1)>=H$2,1, 0),0) -> 3 | I41: =if(I11>0,I11-if( ($D41*-1)>=I$2,1, 0),0) -> 5 | J41: =if(J11>0,J11-if( ($D41*-1)>=J$2,1, 0),0) -> 4 | K41: =if(K11>0,K11-if( ($D41*-1)>=K$2,1, 0),0) -> 6 | L41: =if(L11>0,L11-if( ($D41*-1)>=L$2,1, 0),0) -> 4 | M41: =if(M11>0,M11-if( ($D41*-1)>=M$2,1, 0),0) -> 5 | N41: =sum(E41:M41) -> 38 | O41: =if(O11>0,O11-if( ($D41*-1)>=O$2,1, 0),0) -> 4 | P41: =if(P11>0,P11-if( ($D41*-1)>=P$2,1, 0),0) -> 3 | Q41: =if(Q11>0,Q11-if( ($D41*-1)>=Q$2,1, 0),0) -> 4 | R41: =if(R11>0,R11-if( ($D41*-1)>=R$2,1, 0),0) -> 4 | S41: =if(S11>0,S11-if( ($D41*-1)>=S$2,1, 0),0) -> 4 | T41: =if(T11>0,T11-if( ($D41*-1)>=T$2,1, 0),0) -> 3 | U41: =if(U11>0,U11-if( ($D41*-1)>=U$2,1, 0),0) -> 7 | V41: =if(V11>0,V11-if( ($D41*-1)>=V$2,1, 0),0) -> 4 | W41: =if(W11>0,W11-if( ($D41*-1)>=W$2,1, 0),0) -> 4 | X41: =sum(O41:W41) -> 37 | Y41: =N41+X41 -> 75
A42: =A12 -> 2.4 | B42: =vlookup(C42,'CGI Finale Teams'!$B$87:$D$106,3,false) -> -7 | C42: =C12 -> Seth | D42: =B42-MAX(B$23:B$42) -> -8 | E42: =if(E12>0,E12-if( ($D42*-1)>=E$2,1, 0),0) -> 4 | F42: =if(F12>0,F12-if( ($D42*-1)>=F$2,1, 0),0) -> 4 | G42: =if(G12>0,G12-if( ($D42*-1)>=G$2,1, 0),0) -> 4 | H42: =if(H12>0,H12-if( ($D42*-1)>=H$2,1, 0),0) -> 5 | I42: =if(I12>0,I12-if( ($D42*-1)>=I$2,1, 0),0) -> 4 | J42: =if(J12>0,J12-if( ($D42*-1)>=J$2,1, 0),0) -> 4 | K42: =if(K12>0,K12-if( ($D42*-1)>=K$2,1, 0),0) -> 6 | L42: =if(L12>0,L12-if( ($D42*-1)>=L$2,1, 0),0) -> 4 | M42: =if(M12>0,M12-if( ($D42*-1)>=M$2,1, 0),0) -> 5 | N42: =sum(E42:M42) -> 40 | O42: =if(O12>0,O12-if( ($D42*-1)>=O$2,1, 0),0) -> 5 | P42: =if(P12>0,P12-if( ($D42*-1)>=P$2,1, 0),0) -> 4 | Q42: =if(Q12>0,Q12-if( ($D42*-1)>=Q$2,1, 0),0) -> 4 | R42: =if(R12>0,R12-if( ($D42*-1)>=R$2,1, 0),0) -> 5 | S42: =if(S12>0,S12-if( ($D42*-1)>=S$2,1, 0),0) -> 5 | T42: =if(T12>0,T12-if( ($D42*-1)>=T$2,1, 0),0) -> 4 | U42: =if(U12>0,U12-if( ($D42*-1)>=U$2,1, 0),0) -> 6 | V42: =if(V12>0,V12-if( ($D42*-1)>=V$2,1, 0),0) -> 4 | W42: =if(W12>0,W12-if( ($D42*-1)>=W$2,1, 0),0) -> 4 | X42: =sum(O42:W42) -> 41 | Y42: =N42+X42 -> 81
C43: =C41&"/"&C42 -> Tom/Seth | D43: BB Net | E43: =min(E41:E42) -> 2 | F43: =min(F41:F42) -> 4 | G43: =min(G41:G42) -> 4 | H43: =min(H41:H42) -> 3 | I43: =min(I41:I42) -> 4 | J43: =min(J41:J42) -> 4 | K43: =min(K41:K42) -> 6 | L43: =min(L41:L42) -> 4 | M43: =min(M41:M42) -> 5 | N43: =sum(E43:M43) -> 36 | O43: =min(O41:O42) -> 4 | P43: =min(P41:P42) -> 3 | Q43: =min(Q41:Q42) -> 4 | R43: =min(R41:R42) -> 4 | S43: =min(S41:S42) -> 4 | T43: =min(T41:T42) -> 3 | U43: =min(U41:U42) -> 6 | V43: =min(V41:V42) -> 4 | W43: =min(W41:W42) -> 4 | X43: =sum(O43:W43) -> 36 | Y43: =N43+X43 -> 72
D44: Match | E44: =if(E43<E40,1,if(E43>E40,-1,0)) -> 1 | F44: =if(F43<F40,1,if(F43>F40,-1,0))+E44 -> 1 | G44: =if(G43<G40,1,if(G43>G40,-1,0))+F44 -> 0 | H44: =if(H43<H40,1,if(H43>H40,-1,0))+G44 -> 0 | I44: =if(I43<I40,1,if(I43>I40,-1,0))+H44 -> -1 | J44: =if(J43<J40,1,if(J43>J40,-1,0))+I44 -> -1 | K44: =if(K43<K40,1,if(K43>K40,-1,0))+J44 -> -2 | L44: =if(L43<L40,1,if(L43>L40,-1,0))+K44 -> -3 | M44: =if(M43<M40,1,if(M43>M40,-1,0))+L44 -> -3 | N44: =M44 -> -3 | O44: =if(O43<O40,1,if(O43>O40,-1,0))+N44 -> -3 | P44: =if(P43<P40,1,if(P43>P40,-1,0))+O44 -> -2 | Q44: =if(Q43<Q40,1,if(Q43>Q40,-1,0))+P44 -> -3 | R44: =if(R43<R40,1,if(R43>R40,-1,0))+Q44 -> -3 | S44: =if(S43<S40,1,if(S43>S40,-1,0))+R44 -> -2 | T44: =if(T43<T40,1,if(T43>T40,-1,0))+S44 -> -1 | U44: =if(U43<U40,1,if(U43>U40,-1,0))+T44 -> -1 | V44: =if(V43<V40,1,if(V43>V40,-1,0))+U44 -> -2 | W44: =if(W43<W40,1,if(W43>W40,-1,0))+V44 -> -1 | X44: =W44-N44 -> 2 | Y44: =W44 -> -1
A46: Group | B46: Strokes | C46: Player | D46: Eff Str | E46: 1 | F46: 2 | G46: 3 | H46: 4 | I46: 5 | J46: 6 | K46: 7 | L46: 8 | M46: 9 | N46: Front | O46: 10 | P46: 11 | Q46: 12 | R46: 13 | S46: 14 | T46: 15 | U46: 16 | V46: 17 | W46: 18 | X46: Back | Y46: Total
A47: =A13 -> 3.1 | B47: =vlookup(C47,'CGI Finale Teams'!$B$87:$D$106,3,false) -> -4 | C47: =C13 -> Simon | D47: =B47-MAX(B$47:B$51) -> 0 | E47: =if(E13>0,E13-if( ($D47*-1)>=E$2,1, 0),0) -> 4 | F47: =if(F13>0,F13-if( ($D47*-1)>=F$2,1, 0),0) -> 5 | G47: =if(G13>0,G13-if( ($D47*-1)>=G$2,1, 0),0) -> 4 | H47: =if(H13>0,H13-if( ($D47*-1)>=H$2,1, 0),0) -> 3 | I47: =if(I13>0,I13-if( ($D47*-1)>=I$2,1, 0),0) -> 4 | J47: =if(J13>0,J13-if( ($D47*-1)>=J$2,1, 0),0) -> 4 | K47: =if(K13>0,K13-if( ($D47*-1)>=K$2,1, 0),0) -> 4 | L47: =if(L13>0,L13-if( ($D47*-1)>=L$2,1, 0),0) -> 3 | M47: =if(M13>0,M13-if( ($D47*-1)>=M$2,1, 0),0) -> 6 | N47: =sum(E47:M47) -> 37 | O47: =if(O13>0,O13-if( ($D47*-1)>=O$2,1, 0),0) -> 4 | P47: =if(P13>0,P13-if( ($D47*-1)>=P$2,1, 0),0) -> 5 | Q47: =if(Q13>0,Q13-if( ($D47*-1)>=Q$2,1, 0),0) -> 3 | R47: =if(R13>0,R13-if( ($D47*-1)>=R$2,1, 0),0) -> 4 | S47: =if(S13>0,S13-if( ($D47*-1)>=S$2,1, 0),0) -> 4 | T47: =if(T13>0,T13-if( ($D47*-1)>=T$2,1, 0),0) -> 5 | U47: =if(U13>0,U13-if( ($D47*-1)>=U$2,1, 0),0) -> 5 | V47: =if(V13>0,V13-if( ($D47*-1)>=V$2,1, 0),0) -> 4 | W47: =if(W13>0,W13-if( ($D47*-1)>=W$2,1, 0),0) -> 4 | X47: =sum(O47:W47) -> 38 | Y47: =N47+X47 -> 75
A48: =A14 -> 3.2 | B48: =vlookup(C48,'CGI Finale Teams'!$B$87:$D$106,3,false) -> -8 | C48: =C14 -> Brian | D48: =B48-MAX(B$47:B$51) -> -4 | E48: =if(E14>0,E14-if( ($D48*-1)>=E$2,1, 0),0) -> 4 | F48: =if(F14>0,F14-if( ($D48*-1)>=F$2,1, 0),0) -> 4 | G48: =if(G14>0,G14-if( ($D48*-1)>=G$2,1, 0),0) -> 4 | H48: =if(H14>0,H14-if( ($D48*-1)>=H$2,1, 0),0) -> 4 | I48: =if(I14>0,I14-if( ($D48*-1)>=I$2,1, 0),0) -> 3 | J48: =if(J14>0,J14-if( ($D48*-1)>=J$2,1, 0),0) -> 4 | K48: =if(K14>0,K14-if( ($D48*-1)>=K$2,1, 0),0) -> 6 | L48: =if(L14>0,L14-if( ($D48*-1)>=L$2,1, 0),0) -> 3 | M48: =if(M14>0,M14-if( ($D48*-1)>=M$2,1, 0),0) -> 7 | N48: =sum(E48:M48) -> 39 | O48: =if(O14>0,O14-if( ($D48*-1)>=O$2,1, 0),0) -> 5 | P48: =if(P14>0,P14-if( ($D48*-1)>=P$2,1, 0),0) -> 6 | Q48: =if(Q14>0,Q14-if( ($D48*-1)>=Q$2,1, 0),0) -> 4 | R48: =if(R14>0,R14-if( ($D48*-1)>=R$2,1, 0),0) -> 6 | S48: =if(S14>0,S14-if( ($D48*-1)>=S$2,1, 0),0) -> 4 | T48: =if(T14>0,T14-if( ($D48*-1)>=T$2,1, 0),0) -> 4 | U48: =if(U14>0,U14-if( ($D48*-1)>=U$2,1, 0),0) -> 5 | V48: =if(V14>0,V14-if( ($D48*-1)>=V$2,1, 0),0) -> 4 | W48: =if(W14>0,W14-if( ($D48*-1)>=W$2,1, 0),0) -> 4 | X48: =sum(O48:W48) -> 42 | Y48: =N48+X48 -> 81
C49: =C47&"/"&C48 -> Simon/Brian | D49: BB Net | E49: =min(E47:E48) -> 4 | F49: =min(F47:F48) -> 4 | G49: =min(G47:G48) -> 4 | H49: =min(H47:H48) -> 3 | I49: =min(I47:I48) -> 3 | J49: =min(J47:J48) -> 4 | K49: =min(K47:K48) -> 4 | L49: =min(L47:L48) -> 3 | M49: =min(M47:M48) -> 6 | N49: =sum(E49:M49) -> 35 | O49: =min(O47:O48) -> 4 | P49: =min(P47:P48) -> 5 | Q49: =min(Q47:Q48) -> 3 | R49: =min(R47:R48) -> 4 | S49: =min(S47:S48) -> 4 | T49: =min(T47:T48) -> 4 | U49: =min(U47:U48) -> 5 | V49: =min(V47:V48) -> 4 | W49: =min(W47:W48) -> 4 | X49: =sum(O49:W49) -> 37 | Y49: =N49+X49 -> 72
A50: =A15 -> 3.3 | B50: =vlookup(C50,'CGI Finale Teams'!$B$87:$D$106,3,false) -> -9 | C50: =C15 -> Russ | D50: =B50-MAX(B$47:B$51) -> -5 | E50: =if(E15>0,E15-if( ($D50*-1)>=E$2,1, 0),0) -> 5 | F50: =if(F15>0,F15-if( ($D50*-1)>=F$2,1, 0),0) -> 4 | G50: =if(G15>0,G15-if( ($D50*-1)>=G$2,1, 0),0) -> 3 | H50: =if(H15>0,H15-if( ($D50*-1)>=H$2,1, 0),0) -> 3 | I50: =if(I15>0,I15-if( ($D50*-1)>=I$2,1, 0),0) -> 3 | J50: =if(J15>0,J15-if( ($D50*-1)>=J$2,1, 0),0) -> 4 | K50: =if(K15>0,K15-if( ($D50*-1)>=K$2,1, 0),0) -> 5 | L50: =if(L15>0,L15-if( ($D50*-1)>=L$2,1, 0),0) -> 4 | M50: =if(M15>0,M15-if( ($D50*-1)>=M$2,1, 0),0) -> 7 | N50: =sum(E50:M50) -> 38 | O50: =if(O15>0,O15-if( ($D50*-1)>=O$2,1, 0),0) -> 4 | P50: =if(P15>0,P15-if( ($D50*-1)>=P$2,1, 0),0) -> 2 | Q50: =if(Q15>0,Q15-if( ($D50*-1)>=Q$2,1, 0),0) -> 3 | R50: =if(R15>0,R15-if( ($D50*-1)>=R$2,1, 0),0) -> 4 | S50: =if(S15>0,S15-if( ($D50*-1)>=S$2,1, 0),0) -> 4 | T50: =if(T15>0,T15-if( ($D50*-1)>=T$2,1, 0),0) -> 5 | U50: =if(U15>0,U15-if( ($D50*-1)>=U$2,1, 0),0) -> 4 | V50: =if(V15>0,V15-if( ($D50*-1)>=V$2,1, 0),0) -> 4 | W50: =if(W15>0,W15-if( ($D50*-1)>=W$2,1, 0),0) -> 5 | X50: =sum(O50:W50) -> 35 | Y50: =N50+X50 -> 73
A51: =A16 -> 3.4 | B51: =vlookup(C51,'CGI Finale Teams'!$B$87:$D$106,3,false) -> -13 | C51: =C16 -> Jon | D51: =B51-MAX(B$47:B$51) -> -9 | E51: =if(E16>0,E16-if( ($D51*-1)>=E$2,1, 0),0) -> 3 | F51: =if(F16>0,F16-if( ($D51*-1)>=F$2,1, 0),0) -> 6 | G51: =if(G16>0,G16-if( ($D51*-1)>=G$2,1, 0),0) -> 6 | H51: =if(H16>0,H16-if( ($D51*-1)>=H$2,1, 0),0) -> 5 | I51: =if(I16>0,I16-if( ($D51*-1)>=I$2,1, 0),0) -> 4 | J51: =if(J16>0,J16-if( ($D51*-1)>=J$2,1, 0),0) -> 5 | K51: =if(K16>0,K16-if( ($D51*-1)>=K$2,1, 0),0) -> 8 | L51: =if(L16>0,L16-if( ($D51*-1)>=L$2,1, 0),0) -> 5 | M51: =if(M16>0,M16-if( ($D51*-1)>=M$2,1, 0),0) -> 7 | N51: =sum(E51:M51) -> 49 | O51: =if(O16>0,O16-if( ($D51*-1)>=O$2,1, 0),0) -> 4 | P51: =if(P16>0,P16-if( ($D51*-1)>=P$2,1, 0),0) -> 5 | Q51: =if(Q16>0,Q16-if( ($D51*-1)>=Q$2,1, 0),0) -> 3 | R51: =if(R16>0,R16-if( ($D51*-1)>=R$2,1, 0),0) -> 3 | S51: =if(S16>0,S16-if( ($D51*-1)>=S$2,1, 0),0) -> 5 | T51: =if(T16>0,T16-if( ($D51*-1)>=T$2,1, 0),0) -> 6 | U51: =if(U16>0,U16-if( ($D51*-1)>=U$2,1, 0),0) -> 6 | V51: =if(V16>0,V16-if( ($D51*-1)>=V$2,1, 0),0) -> 3 | W51: =if(W16>0,W16-if( ($D51*-1)>=W$2,1, 0),0) -> 5 | X51: =sum(O51:W51) -> 40 | Y51: =N51+X51 -> 89
C52: =C50&"/"&C51 -> Russ/Jon | D52: BB Net | E52: =min(E50:E51) -> 3 | F52: =min(F50:F51) -> 4 | G52: =min(G50:G51) -> 3 | H52: =min(H50:H51) -> 3 | I52: =min(I50:I51) -> 3 | J52: =min(J50:J51) -> 4 | K52: =min(K50:K51) -> 5 | L52: =min(L50:L51) -> 4 | M52: =min(M50:M51) -> 7 | N52: =sum(E52:M52) -> 36 | O52: =min(O50:O51) -> 4 | P52: =min(P50:P51) -> 2 | Q52: =min(Q50:Q51) -> 3 | R52: =min(R50:R51) -> 3 | S52: =min(S50:S51) -> 4 | T52: =min(T50:T51) -> 5 | U52: =min(U50:U51) -> 4 | V52: =min(V50:V51) -> 3 | W52: =min(W50:W51) -> 5 | X52: =sum(O52:W52) -> 33 | Y52: =N52+X52 -> 69
D53: Match | E53: =if(E52<E49,1,if(E52>E49,-1,0)) -> 1 | F53: =if(F52<F49,1,if(F52>F49,-1,0))+E53 -> 1 | G53: =if(G52<G49,1,if(G52>G49,-1,0))+F53 -> 2 | H53: =if(H52<H49,1,if(H52>H49,-1,0))+G53 -> 2 | I53: =if(I52<I49,1,if(I52>I49,-1,0))+H53 -> 2 | J53: =if(J52<J49,1,if(J52>J49,-1,0))+I53 -> 2 | K53: =if(K52<K49,1,if(K52>K49,-1,0))+J53 -> 1 | L53: =if(L52<L49,1,if(L52>L49,-1,0))+K53 -> 0 | M53: =if(M52<M49,1,if(M52>M49,-1,0))+L53 -> -1 | N53: =M53 -> -1 | O53: =if(O52<O49,1,if(O52>O49,-1,0))+N53 -> -1 | P53: =if(P52<P49,1,if(P52>P49,-1,0))+O53 -> 0 | Q53: =if(Q52<Q49,1,if(Q52>Q49,-1,0))+P53 -> 0 | R53: =if(R52<R49,1,if(R52>R49,-1,0))+Q53 -> 1 | S53: =if(S52<S49,1,if(S52>S49,-1,0))+R53 -> 1 | T53: =if(T52<T49,1,if(T52>T49,-1,0))+S53 -> 0 | U53: =if(U52<U49,1,if(U52>U49,-1,0))+T53 -> 1 | V53: =if(V52<V49,1,if(V52>V49,-1,0))+U53 -> 2 | W53: =if(W52<W49,1,if(W52>W49,-1,0))+V53 -> 1 | X53: =W53-N53 -> 2 | Y53: =W53 -> 1
A55: Group | B55: Strokes | C55: Player | D55: Eff Str | E55: 1 | F55: 2 | G55: 3 | H55: 4 | I55: 5 | J55: 6 | K55: 7 | L55: 8 | M55: 9 | N55: Front | O55: 10 | P55: 11 | Q55: 12 | R55: 13 | S55: 14 | T55: 15 | U55: 16 | V55: 17 | W55: 18 | X55: Back | Y55: Total
A56: =A17 -> 4.1 | B56: =vlookup(C56,'CGI Finale Teams'!$B$87:$D$106,3,false) -> -16 | C56: =C17 -> Martin | D56: =B56-MAX(B$56:B$60) -> 0 | E56: =if(E17>0,E17-if( ($D56*-1)>=E$2,1, 0),0) -> 0 | F56: =if(F17>0,F17-if( ($D56*-1)>=F$2,1, 0),0) -> 0 | G56: =if(G17>0,G17-if( ($D56*-1)>=G$2,1, 0),0) -> 0 | H56: =if(H17>0,H17-if( ($D56*-1)>=H$2,1, 0),0) -> 0 | I56: =if(I17>0,I17-if( ($D56*-1)>=I$2,1, 0),0) -> 0 | J56: =if(J17>0,J17-if( ($D56*-1)>=J$2,1, 0),0) -> 0 | K56: =if(K17>0,K17-if( ($D56*-1)>=K$2,1, 0),0) -> 0 | L56: =if(L17>0,L17-if( ($D56*-1)>=L$2,1, 0),0) -> 0 | M56: =if(M17>0,M17-if( ($D56*-1)>=M$2,1, 0),0) -> 0 | N56: =sum(E56:M56) -> 0 | O56: =if(O17>0,O17-if( ($D56*-1)>=O$2,1, 0),0) -> 0 | P56: =if(P17>0,P17-if( ($D56*-1)>=P$2,1, 0),0) -> 0 | Q56: =if(Q17>0,Q17-if( ($D56*-1)>=Q$2,1, 0),0) -> 0 | R56: =if(R17>0,R17-if( ($D56*-1)>=R$2,1, 0),0) -> 0 | S56: =if(S17>0,S17-if( ($D56*-1)>=S$2,1, 0),0) -> 0 | T56: =if(T17>0,T17-if( ($D56*-1)>=T$2,1, 0),0) -> 0 | U56: =if(U17>0,U17-if( ($D56*-1)>=U$2,1, 0),0) -> 0 | V56: =if(V17>0,V17-if( ($D56*-1)>=V$2,1, 0),0) -> 0 | W56: =if(W17>0,W17-if( ($D56*-1)>=W$2,1, 0),0) -> 0 | X56: =sum(O56:W56) -> 0 | Y56: =N56+X56 -> 0
A57: =A18 -> 4.2 | B57: =vlookup(C57,'CGI Finale Teams'!$B$87:$D$106,3,false) -> -17 | C57: =C18 -> James | D57: =B57-MAX(B$56:B$60) -> -1 | E57: =if(E18>0,E18-if( ($D57*-1)>=E$2,1, 0),0) -> 0 | F57: =if(F18>0,F18-if( ($D57*-1)>=F$2,1, 0),0) -> 0 | G57: =if(G18>0,G18-if( ($D57*-1)>=G$2,1, 0),0) -> 0 | H57: =if(H18>0,H18-if( ($D57*-1)>=H$2,1, 0),0) -> 0 | I57: =if(I18>0,I18-if( ($D57*-1)>=I$2,1, 0),0) -> 0 | J57: =if(J18>0,J18-if( ($D57*-1)>=J$2,1, 0),0) -> 0 | K57: =if(K18>0,K18-if( ($D57*-1)>=K$2,1, 0),0) -> 0 | L57: =if(L18>0,L18-if( ($D57*-1)>=L$2,1, 0),0) -> 0 | M57: =if(M18>0,M18-if( ($D57*-1)>=M$2,1, 0),0) -> 0 | N57: =sum(E57:M57) -> 0 | O57: =if(O18>0,O18-if( ($D57*-1)>=O$2,1, 0),0) -> 0 | P57: =if(P18>0,P18-if( ($D57*-1)>=P$2,1, 0),0) -> 0 | Q57: =if(Q18>0,Q18-if( ($D57*-1)>=Q$2,1, 0),0) -> 0 | R57: =if(R18>0,R18-if( ($D57*-1)>=R$2,1, 0),0) -> 0 | S57: =if(S18>0,S18-if( ($D57*-1)>=S$2,1, 0),0) -> 0 | T57: =if(T18>0,T18-if( ($D57*-1)>=T$2,1, 0),0) -> 0 | U57: =if(U18>0,U18-if( ($D57*-1)>=U$2,1, 0),0) -> 0 | V57: =if(V18>0,V18-if( ($D57*-1)>=V$2,1, 0),0) -> 0 | W57: =if(W18>0,W18-if( ($D57*-1)>=W$2,1, 0),0) -> 0 | X57: =sum(O57:W57) -> 0 | Y57: =N57+X57 -> 0
C58: =C56&"/"&C57 -> Martin/James | D58: BB Net | E58: =min(E56:E57) -> 0 | F58: =min(F56:F57) -> 0 | G58: =min(G56:G57) -> 0 | H58: =min(H56:H57) -> 0 | I58: =min(I56:I57) -> 0 | J58: =min(J56:J57) -> 0 | K58: =min(K56:K57) -> 0 | L58: =min(L56:L57) -> 0 | M58: =min(M56:M57) -> 0 | N58: =sum(E58:M58) -> 0 | O58: =min(O56:O57) -> 0 | P58: =min(P56:P57) -> 0 | Q58: =min(Q56:Q57) -> 0 | R58: =min(R56:R57) -> 0 | S58: =min(S56:S57) -> 0 | T58: =min(T56:T57) -> 0 | U58: =min(U56:U57) -> 0 | V58: =min(V56:V57) -> 0 | W58: =min(W56:W57) -> 0 | X58: =sum(O58:W58) -> 0 | Y58: =N58+X58 -> 0
A59: =A19 -> 4.3 | B59: =vlookup(C59,'CGI Finale Teams'!$B$87:$D$106,3,false) -> -16 | C59: =C19 -> Mark | D59: =B59-MAX(B$56:B$60) -> 0 | E59: =if(E19>0,E19-if( ($D59*-1)>=E$2,1, 0),0) -> 0 | F59: =if(F19>0,F19-if( ($D59*-1)>=F$2,1, 0),0) -> 0 | G59: =if(G19>0,G19-if( ($D59*-1)>=G$2,1, 0),0) -> 0 | H59: =if(H19>0,H19-if( ($D59*-1)>=H$2,1, 0),0) -> 0 | I59: =if(I19>0,I19-if( ($D59*-1)>=I$2,1, 0),0) -> 0 | J59: =if(J19>0,J19-if( ($D59*-1)>=J$2,1, 0),0) -> 0 | K59: =if(K19>0,K19-if( ($D59*-1)>=K$2,1, 0),0) -> 0 | L59: =if(L19>0,L19-if( ($D59*-1)>=L$2,1, 0),0) -> 0 | M59: =if(M19>0,M19-if( ($D59*-1)>=M$2,1, 0),0) -> 0 | N59: =sum(E59:M59) -> 0 | O59: =if(O19>0,O19-if( ($D59*-1)>=O$2,1, 0),0) -> 0 | P59: =if(P19>0,P19-if( ($D59*-1)>=P$2,1, 0),0) -> 0 | Q59: =if(Q19>0,Q19-if( ($D59*-1)>=Q$2,1, 0),0) -> 0 | R59: =if(R19>0,R19-if( ($D59*-1)>=R$2,1, 0),0) -> 0 | S59: =if(S19>0,S19-if( ($D59*-1)>=S$2,1, 0),0) -> 0 | T59: =if(T19>0,T19-if( ($D59*-1)>=T$2,1, 0),0) -> 0 | U59: =if(U19>0,U19-if( ($D59*-1)>=U$2,1, 0),0) -> 0 | V59: =if(V19>0,V19-if( ($D59*-1)>=V$2,1, 0),0) -> 0 | W59: =if(W19>0,W19-if( ($D59*-1)>=W$2,1, 0),0) -> 0 | X59: =sum(O59:W59) -> 0 | Y59: =N59+X59 -> 0
A60: =A20 -> 4.4 | B60: =vlookup(C60,'CGI Finale Teams'!$B$87:$D$106,3,false) -> -19 | C60: =C20 -> Cam | D60: =B60-MAX(B$56:B$60) -> -3 | E60: =if(E20>0,E20-if( ($D60*-1)>=E$2,1, 0),0) -> 0 | F60: =if(F20>0,F20-if( ($D60*-1)>=F$2,1, 0),0) -> 0 | G60: =if(G20>0,G20-if( ($D60*-1)>=G$2,1, 0),0) -> 0 | H60: =if(H20>0,H20-if( ($D60*-1)>=H$2,1, 0),0) -> 0 | I60: =if(I20>0,I20-if( ($D60*-1)>=I$2,1, 0),0) -> 0 | J60: =if(J20>0,J20-if( ($D60*-1)>=J$2,1, 0),0) -> 0 | K60: =if(K20>0,K20-if( ($D60*-1)>=K$2,1, 0),0) -> 0 | L60: =if(L20>0,L20-if( ($D60*-1)>=L$2,1, 0),0) -> 0 | M60: =if(M20>0,M20-if( ($D60*-1)>=M$2,1, 0),0) -> 0 | N60: =sum(E60:M60) -> 0 | O60: =if(O20>0,O20-if( ($D60*-1)>=O$2,1, 0),0) -> 0 | P60: =if(P20>0,P20-if( ($D60*-1)>=P$2,1, 0),0) -> 0 | Q60: =if(Q20>0,Q20-if( ($D60*-1)>=Q$2,1, 0),0) -> 0 | R60: =if(R20>0,R20-if( ($D60*-1)>=R$2,1, 0),0) -> 0 | S60: =if(S20>0,S20-if( ($D60*-1)>=S$2,1, 0),0) -> 0 | T60: =if(T20>0,T20-if( ($D60*-1)>=T$2,1, 0),0) -> 0 | U60: =if(U20>0,U20-if( ($D60*-1)>=U$2,1, 0),0) -> 0 | V60: =if(V20>0,V20-if( ($D60*-1)>=V$2,1, 0),0) -> 0 | W60: =if(W20>0,W20-if( ($D60*-1)>=W$2,1, 0),0) -> 0 | X60: =sum(O60:W60) -> 0 | Y60: =N60+X60 -> 0
C61: =C59&"/"&C60 -> Mark/Cam | D61: BB Net | E61: =min(E59:E60) -> 0 | F61: =min(F59:F60) -> 0 | G61: =min(G59:G60) -> 0 | H61: =min(H59:H60) -> 0 | I61: =min(I59:I60) -> 0 | J61: =min(J59:J60) -> 0 | K61: =min(K59:K60) -> 0 | L61: =min(L59:L60) -> 0 | M61: =min(M59:M60) -> 0 | N61: =sum(E61:M61) -> 0 | O61: =min(O59:O60) -> 0 | P61: =min(P59:P60) -> 0 | Q61: =min(Q59:Q60) -> 0 | R61: =min(R59:R60) -> 0 | S61: =min(S59:S60) -> 0 | T61: =min(T59:T60) -> 0 | U61: =min(U59:U60) -> 0 | V61: =min(V59:V60) -> 0 | W61: =min(W59:W60) -> 0 | X61: =sum(O61:W61) -> 0 | Y61: =N61+X61 -> 0
D62: Match | E62: =if(E61<E58,1,if(E61>E58,-1,0)) -> 0 | F62: =if(F61<F58,1,if(F61>F58,-1,0))+E62 -> 0 | G62: =if(G61<G58,1,if(G61>G58,-1,0))+F62 -> 0 | H62: =if(H61<H58,1,if(H61>H58,-1,0))+G62 -> 0 | I62: =if(I61<I58,1,if(I61>I58,-1,0))+H62 -> 0 | J62: =if(J61<J58,1,if(J61>J58,-1,0))+I62 -> 0 | K62: =if(K61<K58,1,if(K61>K58,-1,0))+J62 -> 0 | L62: =if(L61<L58,1,if(L61>L58,-1,0))+K62 -> 0 | M62: =if(M61<M58,1,if(M61>M58,-1,0))+L62 -> 0 | N62: =M62 -> 0 | O62: =if(O61<O58,1,if(O61>O58,-1,0))+N62 -> 0 | P62: =if(P61<P58,1,if(P61>P58,-1,0))+O62 -> 0 | Q62: =if(Q61<Q58,1,if(Q61>Q58,-1,0))+P62 -> 0 | R62: =if(R61<R58,1,if(R61>R58,-1,0))+Q62 -> 0 | S62: =if(S61<S58,1,if(S61>S58,-1,0))+R62 -> 0 | T62: =if(T61<T58,1,if(T61>T58,-1,0))+S62 -> 0 | U62: =if(U61<U58,1,if(U61>U58,-1,0))+T62 -> 0 | V62: =if(V61<V58,1,if(V61>V58,-1,0))+U62 -> 0 | W62: =if(W61<W58,1,if(W61>W58,-1,0))+V62 -> 0 | X62: =W62-N62 -> 0 | Y62: =W62 -> 0
A64: Group | B64: Strokes | C64: Player | D64: Eff Str | E64: 1 | F64: 2 | G64: 3 | H64: 4 | I64: 5 | J64: 6 | K64: 7 | L64: 8 | M64: 9 | N64: Front | O64: 10 | P64: 11 | Q64: 12 | R64: 13 | S64: 14 | T64: 15 | U64: 16 | V64: 17 | W64: 18 | X64: Back | Y64: Total
A65: =A21 -> 5.1 | B65: =vlookup(C65,'CGI Finale Teams'!$B$87:$D$106,3,false) -> -32 | C65: =C21 -> Nate | D65: =B65-MAX(B$65:B$69) -> -15 | E65: =if(E21>0,E21-if( ($D65*-1)>=E$2,1, 0),0) -> 0 | F65: =if(F21>0,F21-if( ($D65*-1)>=F$2,1, 0),0) -> 0 | G65: =if(G21>0,G21-if( ($D65*-1)>=G$2,1, 0),0) -> 0 | H65: =if(H21>0,H21-if( ($D65*-1)>=H$2,1, 0),0) -> 0 | I65: =if(I21>0,I21-if( ($D65*-1)>=I$2,1, 0),0) -> 0 | J65: =if(J21>0,J21-if( ($D65*-1)>=J$2,1, 0),0) -> 0 | K65: =if(K21>0,K21-if( ($D65*-1)>=K$2,1, 0),0) -> 0 | L65: =if(L21>0,L21-if( ($D65*-1)>=L$2,1, 0),0) -> 0 | M65: =if(M21>0,M21-if( ($D65*-1)>=M$2,1, 0),0) -> 0 | N65: =sum(E65:M65) -> 0 | O65: =if(O21>0,O21-if( ($D65*-1)>=O$2,1, 0),0) -> 0 | P65: =if(P21>0,P21-if( ($D65*-1)>=P$2,1, 0),0) -> 0 | Q65: =if(Q21>0,Q21-if( ($D65*-1)>=Q$2,1, 0),0) -> 0 | R65: =if(R21>0,R21-if( ($D65*-1)>=R$2,1, 0),0) -> 0 | S65: =if(S21>0,S21-if( ($D65*-1)>=S$2,1, 0),0) -> 0 | T65: =if(T21>0,T21-if( ($D65*-1)>=T$2,1, 0),0) -> 0 | U65: =if(U21>0,U21-if( ($D65*-1)>=U$2,1, 0),0) -> 0 | V65: =if(V21>0,V21-if( ($D65*-1)>=V$2,1, 0),0) -> 0 | W65: =if(W21>0,W21-if( ($D65*-1)>=W$2,1, 0),0) -> 0 | X65: =sum(O65:W65) -> 0 | Y65: =N65+X65 -> 0
A66: =A22 -> 5.2 | B66: =vlookup(C66,'CGI Finale Teams'!$B$87:$D$106,3,false) -> -24 | C66: =C22 -> Dan | D66: =B66-MAX(B$65:B$69) -> -7 | E66: =if(E22>0,E22-if( ($D66*-1)>=E$2,1, 0),0) -> 4 | F66: =if(F22>0,F22-if( ($D66*-1)>=F$2,1, 0),0) -> 4 | G66: =if(G22>0,G22-if( ($D66*-1)>=G$2,1, 0),0) -> 5 | H66: =if(H22>0,H22-if( ($D66*-1)>=H$2,1, 0),0) -> 3 | I66: =if(I22>0,I22-if( ($D66*-1)>=I$2,1, 0),0) -> 5 | J66: =if(J22>0,J22-if( ($D66*-1)>=J$2,1, 0),0) -> 4 | K66: =if(K22>0,K22-if( ($D66*-1)>=K$2,1, 0),0) -> 5 | L66: =if(L22>0,L22-if( ($D66*-1)>=L$2,1, 0),0) -> 6 | M66: =if(M22>0,M22-if( ($D66*-1)>=M$2,1, 0),0) -> 7 | N66: =sum(E66:M66) -> 43 | O66: =if(O22>0,O22-if( ($D66*-1)>=O$2,1, 0),0) -> 4 | P66: =if(P22>0,P22-if( ($D66*-1)>=P$2,1, 0),0) -> 5 | Q66: =if(Q22>0,Q22-if( ($D66*-1)>=Q$2,1, 0),0) -> 4 | R66: =if(R22>0,R22-if( ($D66*-1)>=R$2,1, 0),0) -> 6 | S66: =if(S22>0,S22-if( ($D66*-1)>=S$2,1, 0),0) -> 5 | T66: =if(T22>0,T22-if( ($D66*-1)>=T$2,1, 0),0) -> 3 | U66: =if(U22>0,U22-if( ($D66*-1)>=U$2,1, 0),0) -> 5 | V66: =if(V22>0,V22-if( ($D66*-1)>=V$2,1, 0),0) -> 4 | W66: =if(W22>0,W22-if( ($D66*-1)>=W$2,1, 0),0) -> 4 | X66: =sum(O66:W66) -> 40 | Y66: =N66+X66 -> 83
C67: =C65&"/"&C66 -> Nate/Dan | D67: BB Net | E67: =min(E65:E66) -> 0 | F67: =min(F65:F66) -> 0 | G67: =min(G65:G66) -> 0 | H67: =min(H65:H66) -> 0 | I67: =min(I65:I66) -> 0 | J67: =min(J65:J66) -> 0 | K67: =min(K65:K66) -> 0 | L67: =min(L65:L66) -> 0 | M67: =min(M65:M66) -> 0 | N67: =sum(E67:M67) -> 0 | O67: =min(O65:O66) -> 0 | P67: =min(P65:P66) -> 0 | Q67: =min(Q65:Q66) -> 0 | R67: =min(R65:R66) -> 0 | S67: =min(S65:S66) -> 0 | T67: =min(T65:T66) -> 0 | U67: =min(U65:U66) -> 0 | V67: =min(V65:V66) -> 0 | W67: =min(W65:W66) -> 0 | X67: =sum(O67:W67) -> 0 | Y67: =N67+X67 -> 0
A68: =A23 -> 5.3 | B68: =vlookup(C68,'CGI Finale Teams'!$B$87:$D$106,3,false) -> -17 | C68: =C23 -> Jonah | D68: =B68-MAX(B$65:B$69) -> 0 | E68: =if(E23>0,E23-if( ($D68*-1)>=E$2,1, 0),0) -> 5 | F68: =if(F23>0,F23-if( ($D68*-1)>=F$2,1, 0),0) -> 5 | G68: =if(G23>0,G23-if( ($D68*-1)>=G$2,1, 0),0) -> 6 | H68: =if(H23>0,H23-if( ($D68*-1)>=H$2,1, 0),0) -> 5 | I68: =if(I23>0,I23-if( ($D68*-1)>=I$2,1, 0),0) -> 6 | J68: =if(J23>0,J23-if( ($D68*-1)>=J$2,1, 0),0) -> 5 | K68: =if(K23>0,K23-if( ($D68*-1)>=K$2,1, 0),0) -> 5 | L68: =if(L23>0,L23-if( ($D68*-1)>=L$2,1, 0),0) -> 5 | M68: =if(M23>0,M23-if( ($D68*-1)>=M$2,1, 0),0) -> 6 | N68: =sum(E68:M68) -> 48 | O68: =if(O23>0,O23-if( ($D68*-1)>=O$2,1, 0),0) -> 4 | P68: =if(P23>0,P23-if( ($D68*-1)>=P$2,1, 0),0) -> 6 | Q68: =if(Q23>0,Q23-if( ($D68*-1)>=Q$2,1, 0),0) -> 4 | R68: =if(R23>0,R23-if( ($D68*-1)>=R$2,1, 0),0) -> 6 | S68: =if(S23>0,S23-if( ($D68*-1)>=S$2,1, 0),0) -> 4 | T68: =if(T23>0,T23-if( ($D68*-1)>=T$2,1, 0),0) -> 4 | U68: =if(U23>0,U23-if( ($D68*-1)>=U$2,1, 0),0) -> 5 | V68: =if(V23>0,V23-if( ($D68*-1)>=V$2,1, 0),0) -> 3 | W68: =if(W23>0,W23-if( ($D68*-1)>=W$2,1, 0),0) -> 4 | X68: =sum(O68:W68) -> 40 | Y68: =N68+X68 -> 88
A69: =A24 -> 5.4 | B69: =vlookup(C69,'CGI Finale Teams'!$B$87:$D$106,3,false) -> -34 | C69: =C24 -> Josh | D69: =B69-MAX(B$65:B$69) -> -17 | E69: =if(E24>0,E24-if( ($D69*-1)>=E$2,1, 0),0) -> 0 | F69: =if(F24>0,F24-if( ($D69*-1)>=F$2,1, 0),0) -> 0 | G69: =if(G24>0,G24-if( ($D69*-1)>=G$2,1, 0),0) -> 0 | H69: =if(H24>0,H24-if( ($D69*-1)>=H$2,1, 0),0) -> 0 | I69: =if(I24>0,I24-if( ($D69*-1)>=I$2,1, 0),0) -> 0 | J69: =if(J24>0,J24-if( ($D69*-1)>=J$2,1, 0),0) -> 0 | K69: =if(K24>0,K24-if( ($D69*-1)>=K$2,1, 0),0) -> 0 | L69: =if(L24>0,L24-if( ($D69*-1)>=L$2,1, 0),0) -> 0 | M69: =if(M24>0,M24-if( ($D69*-1)>=M$2,1, 0),0) -> 0 | N69: =sum(E69:M69) -> 0 | O69: =if(O24>0,O24-if( ($D69*-1)>=O$2,1, 0),0) -> 0 | P69: =if(P24>0,P24-if( ($D69*-1)>=P$2,1, 0),0) -> 0 | Q69: =if(Q24>0,Q24-if( ($D69*-1)>=Q$2,1, 0),0) -> 0 | R69: =if(R24>0,R24-if( ($D69*-1)>=R$2,1, 0),0) -> 0 | S69: =if(S24>0,S24-if( ($D69*-1)>=S$2,1, 0),0) -> 0 | T69: =if(T24>0,T24-if( ($D69*-1)>=T$2,1, 0),0) -> 0 | U69: =if(U24>0,U24-if( ($D69*-1)>=U$2,1, 0),0) -> 0 | V69: =if(V24>0,V24-if( ($D69*-1)>=V$2,1, 0),0) -> 0 | W69: =if(W24>0,W24-if( ($D69*-1)>=W$2,1, 0),0) -> 0 | X69: =sum(O69:W69) -> 0 | Y69: =N69+X69 -> 0
C70: =C68&"/"&C69 -> Jonah/Josh | D70: BB Net | E70: =min(E68:E69) -> 0 | F70: =min(F68:F69) -> 0 | G70: =min(G68:G69) -> 0 | H70: =min(H68:H69) -> 0 | I70: =min(I68:I69) -> 0 | J70: =min(J68:J69) -> 0 | K70: =min(K68:K69) -> 0 | L70: =min(L68:L69) -> 0 | M70: =min(M68:M69) -> 0 | N70: =sum(E70:M70) -> 0 | O70: =min(O68:O69) -> 0 | P70: =min(P68:P69) -> 0 | Q70: =min(Q68:Q69) -> 0 | R70: =min(R68:R69) -> 0 | S70: =min(S68:S69) -> 0 | T70: =min(T68:T69) -> 0 | U70: =min(U68:U69) -> 0 | V70: =min(V68:V69) -> 0 | W70: =min(W68:W69) -> 0 | X70: =sum(O70:W70) -> 0 | Y70: =N70+X70 -> 0
D71: Match | E71: =if(E70<E67,1,if(E70>E67,-1,0)) -> 0 | F71: =if(F70<F67,1,if(F70>F67,-1,0))+E71 -> 0 | G71: =if(G70<G67,1,if(G70>G67,-1,0))+F71 -> 0 | H71: =if(H70<H67,1,if(H70>H67,-1,0))+G71 -> 0 | I71: =if(I70<I67,1,if(I70>I67,-1,0))+H71 -> 0 | J71: =if(J70<J67,1,if(J70>J67,-1,0))+I71 -> 0 | K71: =if(K70<K67,1,if(K70>K67,-1,0))+J71 -> 0 | L71: =if(L70<L67,1,if(L70>L67,-1,0))+K71 -> 0 | M71: =if(M70<M67,1,if(M70>M67,-1,0))+L71 -> 0 | N71: =M71 -> 0 | O71: =if(O70<O67,1,if(O70>O67,-1,0))+N71 -> 0 | P71: =if(P70<P67,1,if(P70>P67,-1,0))+O71 -> 0 | Q71: =if(Q70<Q67,1,if(Q70>Q67,-1,0))+P71 -> 0 | R71: =if(R70<R67,1,if(R70>R67,-1,0))+Q71 -> 0 | S71: =if(S70<S67,1,if(S70>S67,-1,0))+R71 -> 0 | T71: =if(T70<T67,1,if(T70>T67,-1,0))+S71 -> 0 | U71: =if(U70<U67,1,if(U70>U67,-1,0))+T71 -> 0 | V71: =if(V70<V67,1,if(V70>V67,-1,0))+U71 -> 0 | W71: =if(W70<W67,1,if(W70>W67,-1,0))+V71 -> 0 | X71: =W71-N71 -> 0 | Y71: =W71 -> 0
D73: BLUE | E73: 8.5
D74: WHITE | E74: 6.5
C75: Match 1
C76: Simon | D76: 2
C77: Walt | D77: 2
C79: Seth | D79: 0
C80: Jon | D80: 0
C81: Match 2
C82: Eddie | D82: 1
C83: James | D83: 1
C85: MMM | D85: 1
C86: Jonah | D86: 1
C87: Match 3
C88: JV | D88: 0
C89: Bmac | D89: 0
C91: Tom | D91: 2
C92: Ryan | D92: 2
C93: Match 4
C94: Scott | D94: 1
C95: Nate | D95: 2
C97: Preston | D97: 0
C98: Cam | D98: 1
C99: Match 5
C100: Martin | D100: 1
C101: Dan | D101: 1
C103: Russ | D103: 1
C104: Josh | D104: 1
D108: Walt (2) | E108: Nate (32) | F108: Tom (7) | G108: Cam (19) | I108: Tom 3
D109: Jordan (1) | E109: James (17) | F109: Preston (5) | G109: Jon(13) | I109: JV 3
D110: Simon (4) | E110: Dan (24) | F110: Ryan (+1) | G110: Josh (34) | I110: Simon 2 | K110: Ryan 1
D111: Brian (8) | E111: Martin (16) | F111: Seth (7) | G111: MMM (16) | I111: Bmac 1 | K111: Seth 2
D112: Eddie (10) | E112: Scott (6) | F112: Jonah (17) | G112: Russ (9) | I112: Russ 3

Sheet WeeklyRankMoney
B1: 2026 Weekly Rank For Money - guests included
A3: Player | B3: Week 1 | C3: Week 2 | D3: Week 3 | E3: Week 4 | F3: Week 5 | G3: Week 6 | H3: Week 7 | I3: Week 8 | J3: Week 9 | K3: Week 10 | L3: Week 11 | M3: Week 12 | N3: Week 13 | O3: Week 14 | P3: Week 15 | Q3: Week 16 | R3: Wins | S3: Top 3's | T3: Top 5's
A4: =Actuals!B4 -> Adrian C | B4: =If(Actuals!A4=1,0, IF(Actuals!C4="",0,rank(NetScores!B4,NetScores!B$4:B$64,1))) -> 0 | C4: =If(Actuals!B4=1,0, IF(Actuals!D4="",0,rank(NetScores!C4,NetScores!C$4:C$64,1))) -> 0 | D4: =If(Actuals!C4=1,0, IF(Actuals!E4="",0,rank(NetScores!D4,NetScores!D$4:D$64,1))) -> 0 | E4: =If(Actuals!D4=1,0, IF(Actuals!F4="",0,rank(NetScores!E4,NetScores!E$4:E$64,1))) -> 0 | F4: =If(Actuals!E4=1,0, IF(Actuals!G4="",0,rank(NetScores!F4,NetScores!F$4:F$64,1))) -> 0 | G4: =If(Actuals!F4=1,0, IF(Actuals!H4="",0,rank(NetScores!G4,NetScores!G$4:G$64,1))) -> 0 | H4: =If(Actuals!G4=1,0, IF(Actuals!I4="",0,rank(NetScores!H4,NetScores!H$4:H$64,1))) -> 0 | I4: =If(Actuals!H4=1,0, IF(Actuals!J4="",0,rank(NetScores!I4,NetScores!I$4:I$64,1))) -> 0 | ... Q4: =If(Actuals!P4=1,0, IF(Actuals!R4="",0,rank(NetScores!Q4,NetScores!Q$4:Q$64,1))) -> 0 | R4: =countif(($B4:$Q4),1) -> 0 | S4: =countifs(($B4:$Q4),"> 0", ($B4:$Q4),"<4") -> 0 | T4: =countifs(($B4:$Q4),"> 0", ($B4:$Q4),"<6") -> 0
A5: =Actuals!B5 -> Alan D | B5: =If(Actuals!A5=1,0, IF(Actuals!C5="",0,rank(NetScores!B5,NetScores!B$4:B$64,1))) -> 0 | C5: =If(Actuals!B5=1,0, IF(Actuals!D5="",0,rank(NetScores!C5,NetScores!C$4:C$64,1))) -> 0 | D5: =If(Actuals!C5=1,0, IF(Actuals!E5="",0,rank(NetScores!D5,NetScores!D$4:D$64,1))) -> 0 | E5: =If(Actuals!D5=1,0, IF(Actuals!F5="",0,rank(NetScores!E5,NetScores!E$4:E$64,1))) -> 0 | F5: =If(Actuals!E5=1,0, IF(Actuals!G5="",0,rank(NetScores!F5,NetScores!F$4:F$64,1))) -> 0 | G5: =If(Actuals!F5=1,0, IF(Actuals!H5="",0,rank(NetScores!G5,NetScores!G$4:G$64,1))) -> 0 | H5: =If(Actuals!G5=1,0, IF(Actuals!I5="",0,rank(NetScores!H5,NetScores!H$4:H$64,1))) -> 0 | I5: =If(Actuals!H5=1,0, IF(Actuals!J5="",0,rank(NetScores!I5,NetScores!I$4:I$64,1))) -> 0 | ... Q5: =If(Actuals!P5=1,0, IF(Actuals!R5="",0,rank(NetScores!Q5,NetScores!Q$4:Q$64,1))) -> 0 | R5: =countif(($B5:$Q5),1) -> 0 | S5: =countifs(($B5:$Q5),"> 0", ($B5:$Q5),"<4") -> 0 | T5: =countifs(($B5:$Q5),"> 0", ($B5:$Q5),"<6") -> 0
A6: =Actuals!B6 -> Baxter C | B6: =If(Actuals!A6=1,0, IF(Actuals!C6="",0,rank(NetScores!B6,NetScores!B$4:B$64,1))) -> 0 | C6: =If(Actuals!B6=1,0, IF(Actuals!D6="",0,rank(NetScores!C6,NetScores!C$4:C$64,1))) -> 0 | D6: =If(Actuals!C6=1,0, IF(Actuals!E6="",0,rank(NetScores!D6,NetScores!D$4:D$64,1))) -> 0 | E6: =If(Actuals!D6=1,0, IF(Actuals!F6="",0,rank(NetScores!E6,NetScores!E$4:E$64,1))) -> 0 | F6: =If(Actuals!E6=1,0, IF(Actuals!G6="",0,rank(NetScores!F6,NetScores!F$4:F$64,1))) -> 0 | G6: =If(Actuals!F6=1,0, IF(Actuals!H6="",0,rank(NetScores!G6,NetScores!G$4:G$64,1))) -> 0 | H6: =If(Actuals!G6=1,0, IF(Actuals!I6="",0,rank(NetScores!H6,NetScores!H$4:H$64,1))) -> 0 | I6: =If(Actuals!H6=1,0, IF(Actuals!J6="",0,rank(NetScores!I6,NetScores!I$4:I$64,1))) -> 0 | ... Q6: =If(Actuals!P6=1,0, IF(Actuals!R6="",0,rank(NetScores!Q6,NetScores!Q$4:Q$64,1))) -> 0 | R6: =countif(($B6:$Q6),1) -> 0 | S6: =countifs(($B6:$Q6),"> 0", ($B6:$Q6),"<4") -> 0 | T6: =countifs(($B6:$Q6),"> 0", ($B6:$Q6),"<6") -> 0
A7: =Actuals!B7 -> Bill Morton | B7: =If(Actuals!A7=1,0, IF(Actuals!C7="",0,rank(NetScores!B7,NetScores!B$4:B$64,1))) -> 0 | C7: =If(Actuals!B7=1,0, IF(Actuals!D7="",0,rank(NetScores!C7,NetScores!C$4:C$64,1))) -> 0 | D7: =If(Actuals!C7=1,0, IF(Actuals!E7="",0,rank(NetScores!D7,NetScores!D$4:D$64,1))) -> 0 | E7: =If(Actuals!D7=1,0, IF(Actuals!F7="",0,rank(NetScores!E7,NetScores!E$4:E$64,1))) -> 0 | F7: =If(Actuals!E7=1,0, IF(Actuals!G7="",0,rank(NetScores!F7,NetScores!F$4:F$64,1))) -> 0 | G7: =If(Actuals!F7=1,0, IF(Actuals!H7="",0,rank(NetScores!G7,NetScores!G$4:G$64,1))) -> 0 | H7: =If(Actuals!G7=1,0, IF(Actuals!I7="",0,rank(NetScores!H7,NetScores!H$4:H$64,1))) -> 0 | I7: =If(Actuals!H7=1,0, IF(Actuals!J7="",0,rank(NetScores!I7,NetScores!I$4:I$64,1))) -> 0 | ... Q7: =If(Actuals!P7=1,0, IF(Actuals!R7="",0,rank(NetScores!Q7,NetScores!Q$4:Q$64,1))) -> 0 | R7: =countif(($B7:$Q7),1) -> 0 | S7: =countifs(($B7:$Q7),"> 0", ($B7:$Q7),"<4") -> 0 | T7: =countifs(($B7:$Q7),"> 0", ($B7:$Q7),"<6") -> 0
A8: =Actuals!B8 -> Brian M | B8: =If(Actuals!A8=1,0, IF(Actuals!C8="",0,rank(NetScores!B8,NetScores!B$4:B$64,1))) -> 2 | C8: =If(Actuals!B8=1,0, IF(Actuals!D8="",0,rank(NetScores!C8,NetScores!C$4:C$64,1))) -> 1 | D8: =If(Actuals!C8=1,0, IF(Actuals!E8="",0,rank(NetScores!D8,NetScores!D$4:D$64,1))) -> 9 | E8: =If(Actuals!D8=1,0, IF(Actuals!F8="",0,rank(NetScores!E8,NetScores!E$4:E$64,1))) -> 0 | F8: =If(Actuals!E8=1,0, IF(Actuals!G8="",0,rank(NetScores!F8,NetScores!F$4:F$64,1))) -> 0 | G8: =If(Actuals!F8=1,0, IF(Actuals!H8="",0,rank(NetScores!G8,NetScores!G$4:G$64,1))) -> 0 | H8: =If(Actuals!G8=1,0, IF(Actuals!I8="",0,rank(NetScores!H8,NetScores!H$4:H$64,1))) -> 0 | I8: =If(Actuals!H8=1,0, IF(Actuals!J8="",0,rank(NetScores!I8,NetScores!I$4:I$64,1))) -> 0 | ... Q8: =If(Actuals!P8=1,0, IF(Actuals!R8="",0,rank(NetScores!Q8,NetScores!Q$4:Q$64,1))) -> 0 | R8: =countif(($B8:$Q8),1) -> 1 | S8: =countifs(($B8:$Q8),"> 0", ($B8:$Q8),"<4") -> 2 | T8: =countifs(($B8:$Q8),"> 0", ($B8:$Q8),"<6") -> 2
A9: =Actuals!B9 -> Bruce Marburger | B9: =If(Actuals!A9=1,0, IF(Actuals!C9="",0,rank(NetScores!B9,NetScores!B$4:B$64,1))) -> 11 | C9: =If(Actuals!B9=1,0, IF(Actuals!D9="",0,rank(NetScores!C9,NetScores!C$4:C$64,1))) -> 0 | D9: =If(Actuals!C9=1,0, IF(Actuals!E9="",0,rank(NetScores!D9,NetScores!D$4:D$64,1))) -> 0 | E9: =If(Actuals!D9=1,0, IF(Actuals!F9="",0,rank(NetScores!E9,NetScores!E$4:E$64,1))) -> 0 | F9: =If(Actuals!E9=1,0, IF(Actuals!G9="",0,rank(NetScores!F9,NetScores!F$4:F$64,1))) -> 0 | G9: =If(Actuals!F9=1,0, IF(Actuals!H9="",0,rank(NetScores!G9,NetScores!G$4:G$64,1))) -> 0 | H9: =If(Actuals!G9=1,0, IF(Actuals!I9="",0,rank(NetScores!H9,NetScores!H$4:H$64,1))) -> 0 | I9: =If(Actuals!H9=1,0, IF(Actuals!J9="",0,rank(NetScores!I9,NetScores!I$4:I$64,1))) -> 0 | ... Q9: =If(Actuals!P9=1,0, IF(Actuals!R9="",0,rank(NetScores!Q9,NetScores!Q$4:Q$64,1))) -> 0 | R9: =countif(($B9:$Q9),1) -> 0 | S9: =countifs(($B9:$Q9),"> 0", ($B9:$Q9),"<4") -> 0 | T9: =countifs(($B9:$Q9),"> 0", ($B9:$Q9),"<6") -> 0
A10: =Actuals!B10 -> Cole L | B10: =If(Actuals!A10=1,0, IF(Actuals!C10="",0,rank(NetScores!B10,NetScores!B$4:B$64,1))) -> 0 | C10: =If(Actuals!B10=1,0, IF(Actuals!D10="",0,rank(NetScores!C10,NetScores!C$4:C$64,1))) -> 0 | D10: =If(Actuals!C10=1,0, IF(Actuals!E10="",0,rank(NetScores!D10,NetScores!D$4:D$64,1))) -> 0 | E10: =If(Actuals!D10=1,0, IF(Actuals!F10="",0,rank(NetScores!E10,NetScores!E$4:E$64,1))) -> 0 | F10: =If(Actuals!E10=1,0, IF(Actuals!G10="",0,rank(NetScores!F10,NetScores!F$4:F$64,1))) -> 0 | G10: =If(Actuals!F10=1,0, IF(Actuals!H10="",0,rank(NetScores!G10,NetScores!G$4:G$64,1))) -> 0 | H10: =If(Actuals!G10=1,0, IF(Actuals!I10="",0,rank(NetScores!H10,NetScores!H$4:H$64,1))) -> 0 | I10: =If(Actuals!H10=1,0, IF(Actuals!J10="",0,rank(NetScores!I10,NetScores!I$4:I$64,1))) -> 0 | ... Q10: =If(Actuals!P10=1,0, IF(Actuals!R10="",0,rank(NetScores!Q10,NetScores!Q$4:Q$64,1))) -> 0 | R10: =countif(($B10:$Q10),1) -> 0 | S10: =countifs(($B10:$Q10),"> 0", ($B10:$Q10),"<4") -> 0 | T10: =countifs(($B10:$Q10),"> 0", ($B10:$Q10),"<6") -> 0
A11: =Actuals!B11 -> Danny C | B11: =If(Actuals!A11=1,0, IF(Actuals!C11="",0,rank(NetScores!B11,NetScores!B$4:B$64,1))) -> 0 | C11: =If(Actuals!B11=1,0, IF(Actuals!D11="",0,rank(NetScores!C11,NetScores!C$4:C$64,1))) -> 0 | D11: =If(Actuals!C11=1,0, IF(Actuals!E11="",0,rank(NetScores!D11,NetScores!D$4:D$64,1))) -> 0 | E11: =If(Actuals!D11=1,0, IF(Actuals!F11="",0,rank(NetScores!E11,NetScores!E$4:E$64,1))) -> 0 | F11: =If(Actuals!E11=1,0, IF(Actuals!G11="",0,rank(NetScores!F11,NetScores!F$4:F$64,1))) -> 0 | G11: =If(Actuals!F11=1,0, IF(Actuals!H11="",0,rank(NetScores!G11,NetScores!G$4:G$64,1))) -> 0 | H11: =If(Actuals!G11=1,0, IF(Actuals!I11="",0,rank(NetScores!H11,NetScores!H$4:H$64,1))) -> 0 | I11: =If(Actuals!H11=1,0, IF(Actuals!J11="",0,rank(NetScores!I11,NetScores!I$4:I$64,1))) -> 0 | ... Q11: =If(Actuals!P11=1,0, IF(Actuals!R11="",0,rank(NetScores!Q11,NetScores!Q$4:Q$64,1))) -> 0 | R11: =countif(($B11:$Q11),1) -> 0 | S11: =countifs(($B11:$Q11),"> 0", ($B11:$Q11),"<4") -> 0 | T11: =countifs(($B11:$Q11),"> 0", ($B11:$Q11),"<6") -> 0
A12: =Actuals!B12 -> Eddie G | B12: =If(Actuals!A12=1,0, IF(Actuals!C12="",0,rank(NetScores!B12,NetScores!B$4:B$64,1))) -> 0 | C12: =If(Actuals!B12=1,0, IF(Actuals!D12="",0,rank(NetScores!C12,NetScores!C$4:C$64,1))) -> 0 | D12: =If(Actuals!C12=1,0, IF(Actuals!E12="",0,rank(NetScores!D12,NetScores!D$4:D$64,1))) -> 12 | E12: =If(Actuals!D12=1,0, IF(Actuals!F12="",0,rank(NetScores!E12,NetScores!E$4:E$64,1))) -> 0 | F12: =If(Actuals!E12=1,0, IF(Actuals!G12="",0,rank(NetScores!F12,NetScores!F$4:F$64,1))) -> 0 | G12: =If(Actuals!F12=1,0, IF(Actuals!H12="",0,rank(NetScores!G12,NetScores!G$4:G$64,1))) -> 0 | H12: =If(Actuals!G12=1,0, IF(Actuals!I12="",0,rank(NetScores!H12,NetScores!H$4:H$64,1))) -> 0 | I12: =If(Actuals!H12=1,0, IF(Actuals!J12="",0,rank(NetScores!I12,NetScores!I$4:I$64,1))) -> 0 | ... Q12: =If(Actuals!P12=1,0, IF(Actuals!R12="",0,rank(NetScores!Q12,NetScores!Q$4:Q$64,1))) -> 0 | R12: =countif(($B12:$Q12),1) -> 0 | S12: =countifs(($B12:$Q12),"> 0", ($B12:$Q12),"<4") -> 0 | T12: =countifs(($B12:$Q12),"> 0", ($B12:$Q12),"<6") -> 0
A13: =Actuals!B13 -> Grant G | B13: =If(Actuals!A13=1,0, IF(Actuals!C13="",0,rank(NetScores!B13,NetScores!B$4:B$64,1))) -> 0 | C13: =If(Actuals!B13=1,0, IF(Actuals!D13="",0,rank(NetScores!C13,NetScores!C$4:C$64,1))) -> 0 | D13: =If(Actuals!C13=1,0, IF(Actuals!E13="",0,rank(NetScores!D13,NetScores!D$4:D$64,1))) -> 0 | E13: =If(Actuals!D13=1,0, IF(Actuals!F13="",0,rank(NetScores!E13,NetScores!E$4:E$64,1))) -> 0 | F13: =If(Actuals!E13=1,0, IF(Actuals!G13="",0,rank(NetScores!F13,NetScores!F$4:F$64,1))) -> 0 | G13: =If(Actuals!F13=1,0, IF(Actuals!H13="",0,rank(NetScores!G13,NetScores!G$4:G$64,1))) -> 0 | H13: =If(Actuals!G13=1,0, IF(Actuals!I13="",0,rank(NetScores!H13,NetScores!H$4:H$64,1))) -> 0 | I13: =If(Actuals!H13=1,0, IF(Actuals!J13="",0,rank(NetScores!I13,NetScores!I$4:I$64,1))) -> 0 | ... Q13: =If(Actuals!P13=1,0, IF(Actuals!R13="",0,rank(NetScores!Q13,NetScores!Q$4:Q$64,1))) -> 0 | R13: =countif(($B13:$Q13),1) -> 0 | S13: =countifs(($B13:$Q13),"> 0", ($B13:$Q13),"<4") -> 0 | T13: =countifs(($B13:$Q13),"> 0", ($B13:$Q13),"<6") -> 0
A14: =Actuals!B14 -> Jeff H | B14: =If(Actuals!A14=1,0, IF(Actuals!C14="",0,rank(NetScores!B14,NetScores!B$4:B$64,1))) -> 0 | C14: =If(Actuals!B14=1,0, IF(Actuals!D14="",0,rank(NetScores!C14,NetScores!C$4:C$64,1))) -> 0 | D14: =If(Actuals!C14=1,0, IF(Actuals!E14="",0,rank(NetScores!D14,NetScores!D$4:D$64,1))) -> 0 | E14: =If(Actuals!D14=1,0, IF(Actuals!F14="",0,rank(NetScores!E14,NetScores!E$4:E$64,1))) -> 0 | F14: =If(Actuals!E14=1,0, IF(Actuals!G14="",0,rank(NetScores!F14,NetScores!F$4:F$64,1))) -> 0 | G14: =If(Actuals!F14=1,0, IF(Actuals!H14="",0,rank(NetScores!G14,NetScores!G$4:G$64,1))) -> 0 | H14: =If(Actuals!G14=1,0, IF(Actuals!I14="",0,rank(NetScores!H14,NetScores!H$4:H$64,1))) -> 0 | I14: =If(Actuals!H14=1,0, IF(Actuals!J14="",0,rank(NetScores!I14,NetScores!I$4:I$64,1))) -> 0 | ... Q14: =If(Actuals!P14=1,0, IF(Actuals!R14="",0,rank(NetScores!Q14,NetScores!Q$4:Q$64,1))) -> 0 | R14: =countif(($B14:$Q14),1) -> 0 | S14: =countifs(($B14:$Q14),"> 0", ($B14:$Q14),"<4") -> 0 | T14: =countifs(($B14:$Q14),"> 0", ($B14:$Q14),"<6") -> 0
A15: =Actuals!B15 -> Jenna T | B15: =If(Actuals!A15=1,0, IF(Actuals!C15="",0,rank(NetScores!B15,NetScores!B$4:B$64,1))) -> 0 | C15: =If(Actuals!B15=1,0, IF(Actuals!D15="",0,rank(NetScores!C15,NetScores!C$4:C$64,1))) -> 0 | D15: =If(Actuals!C15=1,0, IF(Actuals!E15="",0,rank(NetScores!D15,NetScores!D$4:D$64,1))) -> 0 | E15: =If(Actuals!D15=1,0, IF(Actuals!F15="",0,rank(NetScores!E15,NetScores!E$4:E$64,1))) -> 0 | F15: =If(Actuals!E15=1,0, IF(Actuals!G15="",0,rank(NetScores!F15,NetScores!F$4:F$64,1))) -> 0 | G15: =If(Actuals!F15=1,0, IF(Actuals!H15="",0,rank(NetScores!G15,NetScores!G$4:G$64,1))) -> 0 | H15: =If(Actuals!G15=1,0, IF(Actuals!I15="",0,rank(NetScores!H15,NetScores!H$4:H$64,1))) -> 0 | I15: =If(Actuals!H15=1,0, IF(Actuals!J15="",0,rank(NetScores!I15,NetScores!I$4:I$64,1))) -> 0 | ... Q15: =If(Actuals!P15=1,0, IF(Actuals!R15="",0,rank(NetScores!Q15,NetScores!Q$4:Q$64,1))) -> 0 | R15: =countif(($B15:$Q15),1) -> 0 | S15: =countifs(($B15:$Q15),"> 0", ($B15:$Q15),"<4") -> 0 | T15: =countifs(($B15:$Q15),"> 0", ($B15:$Q15),"<6") -> 0
... A31: =Actuals!B31 -> Rich | B31: =If(Actuals!A31=1,0, IF(Actuals!C31="",0,rank(NetScores!B31,NetScores!B$4:B$64,1))) -> 0 | C31: =If(Actuals!B31=1,0, IF(Actuals!D31="",0,rank(NetScores!C31,NetScores!C$4:C$64,1))) -> 0 | D31: =If(Actuals!C31=1,0, IF(Actuals!E31="",0,rank(NetScores!D31,NetScores!D$4:D$64,1))) -> 4 | E31: =If(Actuals!D31=1,0, IF(Actuals!F31="",0,rank(NetScores!E31,NetScores!E$4:E$64,1))) -> 0 | F31: =If(Actuals!E31=1,0, IF(Actuals!G31="",0,rank(NetScores!F31,NetScores!F$4:F$64,1))) -> 0 | G31: =If(Actuals!F31=1,0, IF(Actuals!H31="",0,rank(NetScores!G31,NetScores!G$4:G$64,1))) -> 0 | H31: =If(Actuals!G31=1,0, IF(Actuals!I31="",0,rank(NetScores!H31,NetScores!H$4:H$64,1))) -> 0 | I31: =If(Actuals!H31=1,0, IF(Actuals!J31="",0,rank(NetScores!I31,NetScores!I$4:I$64,1))) -> 0 | ... Q31: =If(Actuals!P31=1,0, IF(Actuals!R31="",0,rank(NetScores!Q31,NetScores!Q$4:Q$64,1))) -> 0 | R31: =countif(($B31:$Q31),1) -> 0 | S31: =countifs(($B31:$Q31),"> 0", ($B31:$Q31),"<4") -> 0 | T31: =countifs(($B31:$Q31),"> 0", ($B31:$Q31),"<6") -> 1
A32: =Actuals!B32 -> Russ B | B32: =If(Actuals!A32=1,0, IF(Actuals!C32="",0,rank(NetScores!B32,NetScores!B$4:B$64,1))) -> 0 | C32: =If(Actuals!B32=1,0, IF(Actuals!D32="",0,rank(NetScores!C32,NetScores!C$4:C$64,1))) -> 0 | D32: =If(Actuals!C32=1,0, IF(Actuals!E32="",0,rank(NetScores!D32,NetScores!D$4:D$64,1))) -> 0 | E32: =If(Actuals!D32=1,0, IF(Actuals!F32="",0,rank(NetScores!E32,NetScores!E$4:E$64,1))) -> 0 | F32: =If(Actuals!E32=1,0, IF(Actuals!G32="",0,rank(NetScores!F32,NetScores!F$4:F$64,1))) -> 0 | G32: =If(Actuals!F32=1,0, IF(Actuals!H32="",0,rank(NetScores!G32,NetScores!G$4:G$64,1))) -> 0 | H32: =If(Actuals!G33=1,0, IF(Actuals!I32="",0,rank(NetScores!H32,NetScores!H$4:H$64,1))) -> 0 | I32: =If(Actuals!H32=1,0, IF(Actuals!J32="",0,rank(NetScores!I32,NetScores!I$4:I$64,1))) -> 0 | J32: =If(Actuals!I32=1,0, IF(Actuals!K32="",0,rank(NetScores!J32,NetScores!J$4:J$64,1))) -> 0 | K32: =If(Actuals!J32=1,0, IF(Actuals!L32="",0,rank(NetScores!K32,NetScores!K$4:K$64,1))) -> 0 | L32: =If(Actuals!K32=1,0, IF(Actuals!M32="",0,rank(NetScores!L32,NetScores!L$4:L$64,1))) -> 0 | M32: =If(Actuals!L32=1,0, IF(Actuals!N32="",0,rank(NetScores!M32,NetScores!M$4:M$64,1))) -> 0 | N32: =If(Actuals!M32=1,0, IF(Actuals!O32="",0,rank(NetScores!N32,NetScores!N$4:N$64,1))) -> 0 | O32: =If(Actuals!N32=1,0, IF(Actuals!P32="",0,rank(NetScores!O32,NetScores!O$4:O$64,1))) -> 0 | P32: =If(Actuals!O32=1,0, IF(Actuals!Q32="",0,rank(NetScores!P32,NetScores!P$4:P$64,1))) -> 0 | Q32: =If(Actuals!P32=1,0, IF(Actuals!R32="",0,rank(NetScores!Q32,NetScores!Q$4:Q$64,1))) -> 0 | R32: =countif(($B32:$Q32),1) -> 0 | S32: =countifs(($B32:$Q32),"> 0", ($B32:$Q32),"<4") -> 0 | T32: =countifs(($B32:$Q32),"> 0", ($B32:$Q32),"<6") -> 0
A33: =Actuals!B33 -> Russ H | B33: =If(Actuals!A33=1,0, IF(Actuals!C33="",0,rank(NetScores!B33,NetScores!B$4:B$64,1))) -> 0 | C33: =If(Actuals!B33=1,0, IF(Actuals!D33="",0,rank(NetScores!C33,NetScores!C$4:C$64,1))) -> 0 | D33: =If(Actuals!C33=1,0, IF(Actuals!E33="",0,rank(NetScores!D33,NetScores!D$4:D$64,1))) -> 0 | E33: =If(Actuals!D33=1,0, IF(Actuals!F33="",0,rank(NetScores!E33,NetScores!E$4:E$64,1))) -> 0 | F33: =If(Actuals!E33=1,0, IF(Actuals!G33="",0,rank(NetScores!F33,NetScores!F$4:F$64,1))) -> 0 | G33: =If(Actuals!F33=1,0, IF(Actuals!H33="",0,rank(NetScores!G33,NetScores!G$4:G$64,1))) -> 0 | H33: =If(Actuals!G34=1,0, IF(Actuals!I33="",0,rank(NetScores!H33,NetScores!H$4:H$64,1))) -> 0 | I33: =If(Actuals!H33=1,0, IF(Actuals!J33="",0,rank(NetScores!I33,NetScores!I$4:I$64,1))) -> 0 | J33: =If(Actuals!I33=1,0, IF(Actuals!K33="",0,rank(NetScores!J33,NetScores!J$4:J$64,1))) -> 0 | K33: =If(Actuals!J33=1,0, IF(Actuals!L33="",0,rank(NetScores!K33,NetScores!K$4:K$64,1))) -> 0 | L33: =If(Actuals!K33=1,0, IF(Actuals!M33="",0,rank(NetScores!L33,NetScores!L$4:L$64,1))) -> 0 | M33: =If(Actuals!L33=1,0, IF(Actuals!N33="",0,rank(NetScores!M33,NetScores!M$4:M$64,1))) -> 0 | N33: =If(Actuals!M33=1,0, IF(Actuals!O33="",0,rank(NetScores!N33,NetScores!N$4:N$64,1))) -> 0 | O33: =If(Actuals!N33=1,0, IF(Actuals!P33="",0,rank(NetScores!O33,NetScores!O$4:O$64,1))) -> 0 | P33: =If(Actuals!O33=1,0, IF(Actuals!Q33="",0,rank(NetScores!P33,NetScores!P$4:P$64,1))) -> 0 | Q33: =If(Actuals!P33=1,0, IF(Actuals!R33="",0,rank(NetScores!Q33,NetScores!Q$4:Q$64,1))) -> 0 | R33: =countif(($B33:$Q33),1) -> 0 | S33: =countifs(($B33:$Q33),"> 0", ($B33:$Q33),"<4") -> 0 | T33: =countifs(($B33:$Q33),"> 0", ($B33:$Q33),"<6") -> 0
A34: =Actuals!B34 -> Ryan R | B34: =If(Actuals!A34=1,0, IF(Actuals!C34="",0,rank(NetScores!B34,NetScores!B$4:B$64,1))) -> 0 | C34: =If(Actuals!B34=1,0, IF(Actuals!D34="",0,rank(NetScores!C34,NetScores!C$4:C$64,1))) -> 0 | D34: =If(Actuals!C34=1,0, IF(Actuals!E34="",0,rank(NetScores!D34,NetScores!D$4:D$64,1))) -> 0 | E34: =If(Actuals!D34=1,0, IF(Actuals!F34="",0,rank(NetScores!E34,NetScores!E$4:E$64,1))) -> 0 | F34: =If(Actuals!E34=1,0, IF(Actuals!G34="",0,rank(NetScores!F34,NetScores!F$4:F$64,1))) -> 0 | G34: =If(Actuals!F34=1,0, IF(Actuals!H34="",0,rank(NetScores!G34,NetScores!G$4:G$64,1))) -> 0 | H34: =If(Actuals!G34=1,0, IF(Actuals!I34="",0,rank(NetScores!H34,NetScores!H$4:H$64,1))) -> 0 | I34: =If(Actuals!H34=1,0, IF(Actuals!J34="",0,rank(NetScores!I34,NetScores!I$4:I$64,1))) -> 0 | ... Q34: =If(Actuals!P34=1,0, IF(Actuals!R34="",0,rank(NetScores!Q34,NetScores!Q$4:Q$64,1))) -> 0 | R34: =countif(($B34:$Q34),1) -> 0 | S34: =countifs(($B34:$Q34),"> 0", ($B34:$Q34),"<4") -> 0 | T34: =countifs(($B34:$Q34),"> 0", ($B34:$Q34),"<6") -> 0
A35: =Actuals!B35 -> Scott M | B35: =If(Actuals!A35=1,0, IF(Actuals!C35="",0,rank(NetScores!B35,NetScores!B$4:B$64,1))) -> 0 | C35: =If(Actuals!B35=1,0, IF(Actuals!D35="",0,rank(NetScores!C35,NetScores!C$4:C$64,1))) -> 0 | D35: =If(Actuals!C35=1,0, IF(Actuals!E35="",0,rank(NetScores!D35,NetScores!D$4:D$64,1))) -> 0 | E35: =If(Actuals!D35=1,0, IF(Actuals!F35="",0,rank(NetScores!E35,NetScores!E$4:E$64,1))) -> 0 | F35: =If(Actuals!E35=1,0, IF(Actuals!G35="",0,rank(NetScores!F35,NetScores!F$4:F$64,1))) -> 0 | G35: =If(Actuals!F35=1,0, IF(Actuals!H35="",0,rank(NetScores!G35,NetScores!G$4:G$64,1))) -> 0 | H35: =If(Actuals!G35=1,0, IF(Actuals!I35="",0,rank(NetScores!H35,NetScores!H$4:H$64,1))) -> 0 | I35: =If(Actuals!H35=1,0, IF(Actuals!J35="",0,rank(NetScores!I35,NetScores!I$4:I$64,1))) -> 0 | ... Q35: =If(Actuals!P35=1,0, IF(Actuals!R35="",0,rank(NetScores!Q35,NetScores!Q$4:Q$64,1))) -> 0 | R35: =countif(($B35:$Q35),1) -> 0 | S35: =countifs(($B35:$Q35),"> 0", ($B35:$Q35),"<4") -> 0 | T35: =countifs(($B35:$Q35),"> 0", ($B35:$Q35),"<6") -> 0
A36: =Actuals!B36 -> Seth A | B36: =If(Actuals!A36=1,0, IF(Actuals!C36="",0,rank(NetScores!B36,NetScores!B$4:B$64,1))) -> 0 | C36: =If(Actuals!B36=1,0, IF(Actuals!D36="",0,rank(NetScores!C36,NetScores!C$4:C$64,1))) -> 0 | D36: =If(Actuals!C36=1,0, IF(Actuals!E36="",0,rank(NetScores!D36,NetScores!D$4:D$64,1))) -> 0 | E36: =If(Actuals!D36=1,0, IF(Actuals!F36="",0,rank(NetScores!E36,NetScores!E$4:E$64,1))) -> 0 | F36: =If(Actuals!E36=1,0, IF(Actuals!G36="",0,rank(NetScores!F36,NetScores!F$4:F$64,1))) -> 0 | G36: =If(Actuals!F36=1,0, IF(Actuals!H36="",0,rank(NetScores!G36,NetScores!G$4:G$64,1))) -> 0 | H36: =If(Actuals!G36=1,0, IF(Actuals!I36="",0,rank(NetScores!H36,NetScores!H$4:H$64,1))) -> 0 | I36: =If(Actuals!H36=1,0, IF(Actuals!J36="",0,rank(NetScores!I36,NetScores!I$4:I$64,1))) -> 0 | ... Q36: =If(Actuals!P36=1,0, IF(Actuals!R36="",0,rank(NetScores!Q36,NetScores!Q$4:Q$64,1))) -> 0 | R36: =countif(($B36:$Q36),1) -> 0 | S36: =countifs(($B36:$Q36),"> 0", ($B36:$Q36),"<4") -> 0 | T36: =countifs(($B36:$Q36),"> 0", ($B36:$Q36),"<6") -> 0
A37: =Actuals!B37 -> Simon R | B37: =If(Actuals!A37=1,0, IF(Actuals!C37="",0,rank(NetScores!B37,NetScores!B$4:B$64,1))) -> 7 | C37: =If(Actuals!B37=1,0, IF(Actuals!D37="",0,rank(NetScores!C37,NetScores!C$4:C$64,1))) -> 0 | D37: =If(Actuals!C37=1,0, IF(Actuals!E37="",0,rank(NetScores!D37,NetScores!D$4:D$64,1))) -> 0 | E37: =If(Actuals!D37=1,0, IF(Actuals!F37="",0,rank(NetScores!E37,NetScores!E$4:E$64,1))) -> 0 | F37: =If(Actuals!E37=1,0, IF(Actuals!G37="",0,rank(NetScores!F37,NetScores!F$4:F$64,1))) -> 0 | G37: =If(Actuals!F37=1,0, IF(Actuals!H37="",0,rank(NetScores!G37,NetScores!G$4:G$64,1))) -> 0 | H37: =If(Actuals!G37=1,0, IF(Actuals!I37="",0,rank(NetScores!H37,NetScores!H$4:H$64,1))) -> 0 | I37: =If(Actuals!H37=1,0, IF(Actuals!J37="",0,rank(NetScores!I37,NetScores!I$4:I$64,1))) -> 0 | ... Q37: =If(Actuals!P37=1,0, IF(Actuals!R37="",0,rank(NetScores!Q37,NetScores!Q$4:Q$64,1))) -> 0 | R37: =countif(($B37:$Q37),1) -> 0 | S37: =countifs(($B37:$Q37),"> 0", ($B37:$Q37),"<4") -> 0 | T37: =countifs(($B37:$Q37),"> 0", ($B37:$Q37),"<6") -> 0
A38: =Actuals!B38 -> Steve S | B38: =If(Actuals!A38=1,0, IF(Actuals!C38="",0,rank(NetScores!B38,NetScores!B$4:B$64,1))) -> 0 | C38: =If(Actuals!B38=1,0, IF(Actuals!D38="",0,rank(NetScores!C38,NetScores!C$4:C$64,1))) -> 0 | D38: =If(Actuals!C38=1,0, IF(Actuals!E38="",0,rank(NetScores!D38,NetScores!D$4:D$64,1))) -> 0 | E38: =If(Actuals!D38=1,0, IF(Actuals!F38="",0,rank(NetScores!E38,NetScores!E$4:E$64,1))) -> 0 | F38: =If(Actuals!E38=1,0, IF(Actuals!G38="",0,rank(NetScores!F38,NetScores!F$4:F$64,1))) -> 0 | G38: =If(Actuals!F38=1,0, IF(Actuals!H38="",0,rank(NetScores!G38,NetScores!G$4:G$64,1))) -> 0 | H38: =If(Actuals!G38=1,0, IF(Actuals!I38="",0,rank(NetScores!H38,NetScores!H$4:H$64,1))) -> 0 | I38: =If(Actuals!H38=1,0, IF(Actuals!J38="",0,rank(NetScores!I38,NetScores!I$4:I$64,1))) -> 0 | ... Q38: =If(Actuals!P38=1,0, IF(Actuals!R38="",0,rank(NetScores!Q38,NetScores!Q$4:Q$64,1))) -> 0 | R38: =countif(($B38:$Q38),1) -> 0 | S38: =countifs(($B38:$Q38),"> 0", ($B38:$Q38),"<4") -> 0 | T38: =countifs(($B38:$Q38),"> 0", ($B38:$Q38),"<6") -> 0
A39: =Actuals!B39 -> Tanner Brown | B39: =If(Actuals!A39=1,0, IF(Actuals!C39="",0,rank(NetScores!B39,NetScores!B$4:B$64,1))) -> 0 | C39: =If(Actuals!B39=1,0, IF(Actuals!D39="",0,rank(NetScores!C39,NetScores!C$4:C$64,1))) -> 2 | D39: =If(Actuals!C39=1,0, IF(Actuals!E39="",0,rank(NetScores!D39,NetScores!D$4:D$64,1))) -> 0 | E39: =If(Actuals!D39=1,0, IF(Actuals!F39="",0,rank(NetScores!E39,NetScores!E$4:E$64,1))) -> 0 | F39: =If(Actuals!E39=1,0, IF(Actuals!G39="",0,rank(NetScores!F39,NetScores!F$4:F$64,1))) -> 0 | G39: =If(Actuals!F39=1,0, IF(Actuals!H39="",0,rank(NetScores!G39,NetScores!G$4:G$64,1))) -> 0 | H39: =If(Actuals!G39=1,0, IF(Actuals!I39="",0,rank(NetScores!H39,NetScores!H$4:H$64,1))) -> 0 | I39: =If(Actuals!H39=1,0, IF(Actuals!J39="",0,rank(NetScores!I39,NetScores!I$4:I$64,1))) -> 0 | ... Q39: =If(Actuals!P39=1,0, IF(Actuals!R39="",0,rank(NetScores!Q39,NetScores!Q$4:Q$64,1))) -> 0 | R39: =countif(($B39:$Q39),1) -> 0 | S39: =countifs(($B39:$Q39),"> 0", ($B39:$Q39),"<4") -> 1 | T39: =countifs(($B39:$Q39),"> 0", ($B39:$Q39),"<6") -> 1
A40: =Actuals!B40 -> Tanner Buechele | B40: =If(Actuals!A40=1,0, IF(Actuals!C40="",0,rank(NetScores!B40,NetScores!B$4:B$64,1))) -> 0 | C40: =If(Actuals!B40=1,0, IF(Actuals!D40="",0,rank(NetScores!C40,NetScores!C$4:C$64,1))) -> 0 | D40: =If(Actuals!C40=1,0, IF(Actuals!E40="",0,rank(NetScores!D40,NetScores!D$4:D$64,1))) -> 0 | E40: =If(Actuals!D40=1,0, IF(Actuals!F40="",0,rank(NetScores!E40,NetScores!E$4:E$64,1))) -> 0 | F40: =If(Actuals!E40=1,0, IF(Actuals!G40="",0,rank(NetScores!F40,NetScores!F$4:F$64,1))) -> 0 | G40: =If(Actuals!F40=1,0, IF(Actuals!H40="",0,rank(NetScores!G40,NetScores!G$4:G$64,1))) -> 0 | H40: =If(Actuals!G40=1,0, IF(Actuals!I40="",0,rank(NetScores!H40,NetScores!H$4:H$64,1))) -> 0 | I40: =If(Actuals!H40=1,0, IF(Actuals!J40="",0,rank(NetScores!I40,NetScores!I$4:I$64,1))) -> 0 | ... Q40: =If(Actuals!P40=1,0, IF(Actuals!R40="",0,rank(NetScores!Q40,NetScores!Q$4:Q$64,1))) -> 0 | R40: =countif(($B40:$Q40),1) -> 0 | S40: =countifs(($B40:$Q40),"> 0", ($B40:$Q40),"<4") -> 0 | T40: =countifs(($B40:$Q40),"> 0", ($B40:$Q40),"<6") -> 0
A41: =Actuals!B41 -> Thomas Y | B41: =If(Actuals!A41=1,0, IF(Actuals!C41="",0,rank(NetScores!B41,NetScores!B$4:B$64,1))) -> 0 | C41: =If(Actuals!B41=1,0, IF(Actuals!D41="",0,rank(NetScores!C41,NetScores!C$4:C$64,1))) -> 0 | D41: =If(Actuals!C41=1,0, IF(Actuals!E41="",0,rank(NetScores!D41,NetScores!D$4:D$64,1))) -> 0 | E41: =If(Actuals!D41=1,0, IF(Actuals!F41="",0,rank(NetScores!E41,NetScores!E$4:E$64,1))) -> 0 | F41: =If(Actuals!E41=1,0, IF(Actuals!G41="",0,rank(NetScores!F41,NetScores!F$4:F$64,1))) -> 0 | G41: =If(Actuals!F41=1,0, IF(Actuals!H41="",0,rank(NetScores!G41,NetScores!G$4:G$64,1))) -> 0 | H41: =If(Actuals!G41=1,0, IF(Actuals!I41="",0,rank(NetScores!H41,NetScores!H$4:H$64,1))) -> 0 | I41: =If(Actuals!H41=1,0, IF(Actuals!J41="",0,rank(NetScores!I41,NetScores!I$4:I$64,1))) -> 0 | ... Q41: =If(Actuals!P41=1,0, IF(Actuals!R41="",0,rank(NetScores!Q41,NetScores!Q$4:Q$64,1))) -> 0 | R41: =countif(($B41:$Q41),1) -> 0 | S41: =countifs(($B41:$Q41),"> 0", ($B41:$Q41),"<4") -> 0 | T41: =countifs(($B41:$Q41),"> 0", ($B41:$Q41),"<6") -> 0
A42: =Actuals!B42 -> Tom B | B42: =If(Actuals!A42=1,0, IF(Actuals!C42="",0,rank(NetScores!B42,NetScores!B$4:B$64,1))) -> 0 | C42: =If(Actuals!B42=1,0, IF(Actuals!D42="",0,rank(NetScores!C42,NetScores!C$4:C$64,1))) -> 0 | D42: =If(Actuals!C42=1,0, IF(Actuals!E42="",0,rank(NetScores!D42,NetScores!D$4:D$64,1))) -> 0 | E42: =If(Actuals!D42=1,0, IF(Actuals!F42="",0,rank(NetScores!E42,NetScores!E$4:E$64,1))) -> 0 | F42: =If(Actuals!E42=1,0, IF(Actuals!G42="",0,rank(NetScores!F42,NetScores!F$4:F$64,1))) -> 0 | G42: =If(Actuals!F42=1,0, IF(Actuals!H42="",0,rank(NetScores!G42,NetScores!G$4:G$64,1))) -> 0 | H42: =If(Actuals!G42=1,0, IF(Actuals!I42="",0,rank(NetScores!H42,NetScores!H$4:H$64,1))) -> 0 | I42: =If(Actuals!H42=1,0, IF(Actuals!J42="",0,rank(NetScores!I42,NetScores!I$4:I$64,1))) -> 0 | ... Q42: =If(Actuals!P42=1,0, IF(Actuals!R42="",0,rank(NetScores!Q42,NetScores!Q$4:Q$64,1))) -> 0 | R42: =countif(($B42:$Q42),1) -> 0 | S42: =countifs(($B42:$Q42),"> 0", ($B42:$Q42),"<4") -> 0 | T42: =countifs(($B42:$Q42),"> 0", ($B42:$Q42),"<6") -> 0
A43: =Actuals!B43 -> Tommy | B43: =If(Actuals!A43=1,0, IF(Actuals!C43="",0,rank(NetScores!B43,NetScores!B$4:B$64,1))) -> 0 | C43: =If(Actuals!B43=1,0, IF(Actuals!D43="",0,rank(NetScores!C43,NetScores!C$4:C$64,1))) -> 0 | D43: =If(Actuals!C43=1,0, IF(Actuals!E43="",0,rank(NetScores!D43,NetScores!D$4:D$64,1))) -> 0 | E43: =If(Actuals!D43=1,0, IF(Actuals!F43="",0,rank(NetScores!E43,NetScores!E$4:E$64,1))) -> 0 | F43: =If(Actuals!E43=1,0, IF(Actuals!G43="",0,rank(NetScores!F43,NetScores!F$4:F$64,1))) -> 0 | G43: =If(Actuals!F43=1,0, IF(Actuals!H43="",0,rank(NetScores!G43,NetScores!G$4:G$64,1))) -> 0 | H43: =If(Actuals!G43=1,0, IF(Actuals!I43="",0,rank(NetScores!H43,NetScores!H$4:H$64,1))) -> 0 | I43: =If(Actuals!H43=1,0, IF(Actuals!J43="",0,rank(NetScores!I43,NetScores!I$4:I$64,1))) -> 0 | ... Q43: =If(Actuals!P43=1,0, IF(Actuals!R43="",0,rank(NetScores!Q43,NetScores!Q$4:Q$64,1))) -> 0 | R43: =countif(($B43:$Q43),1) -> 0 | S43: =countifs(($B43:$Q43),"> 0", ($B43:$Q43),"<4") -> 0 | T43: =countifs(($B43:$Q43),"> 0", ($B43:$Q43),"<6") -> 0
A44: =Actuals!B44 -> Walt S | B44: =If(Actuals!A44=1,0, IF(Actuals!C44="",0,rank(NetScores!B44,NetScores!B$4:B$64,1))) -> 6 | C44: =If(Actuals!B44=1,0, IF(Actuals!D44="",0,rank(NetScores!C44,NetScores!C$4:C$64,1))) -> 0 | D44: =If(Actuals!C44=1,0, IF(Actuals!E44="",0,rank(NetScores!D44,NetScores!D$4:D$64,1))) -> 3 | E44: =If(Actuals!D44=1,0, IF(Actuals!F44="",0,rank(NetScores!E44,NetScores!E$4:E$64,1))) -> 0 | F44: =If(Actuals!E44=1,0, IF(Actuals!G44="",0,rank(NetScores!F44,NetScores!F$4:F$64,1))) -> 0 | G44: =If(Actuals!F44=1,0, IF(Actuals!H44="",0,rank(NetScores!G44,NetScores!G$4:G$64,1))) -> 0 | H44: =If(Actuals!G44=1,0, IF(Actuals!I44="",0,rank(NetScores!H44,NetScores!H$4:H$64,1))) -> 0 | I44: =If(Actuals!H44=1,0, IF(Actuals!J44="",0,rank(NetScores!I44,NetScores!I$4:I$64,1))) -> 0 | ... Q44: =If(Actuals!P44=1,0, IF(Actuals!R44="",0,rank(NetScores!Q44,NetScores!Q$4:Q$64,1))) -> 0 | R44: =countif(($B44:$Q44),1) -> 0 | S44: =countifs(($B44:$Q44),"> 0", ($B44:$Q44),"<4") -> 1 | T44: =countifs(($B44:$Q44),"> 0", ($B44:$Q44),"<6") -> 1
A45: =Actuals!B45 -> James D | B45: =If(Actuals!A45=1,0, IF(Actuals!C45="",0,rank(NetScores!B45,NetScores!B$4:B$64,1))) -> 0 | C45: =If(Actuals!B45=1,0, IF(Actuals!D45="",0,rank(NetScores!C45,NetScores!C$4:C$64,1))) -> 0 | D45: =If(Actuals!C45=1,0, IF(Actuals!E45="",0,rank(NetScores!D45,NetScores!D$4:D$64,1))) -> 0 | E45: =If(Actuals!D45=1,0, IF(Actuals!F45="",0,rank(NetScores!E45,NetScores!E$4:E$64,1))) -> 0 | F45: =If(Actuals!E45=1,0, IF(Actuals!G45="",0,rank(NetScores!F45,NetScores!F$4:F$64,1))) -> 0 | G45: =If(Actuals!F45=1,0, IF(Actuals!H45="",0,rank(NetScores!G45,NetScores!G$4:G$64,1))) -> 0 | H45: =If(Actuals!G45=1,0, IF(Actuals!I45="",0,rank(NetScores!H45,NetScores!H$4:H$64,1))) -> 0 | I45: =If(Actuals!H45=1,0, IF(Actuals!J45="",0,rank(NetScores!I45,NetScores!I$4:I$64,1))) -> 0 | ... Q45: =If(Actuals!P45=1,0, IF(Actuals!R45="",0,rank(NetScores!Q45,NetScores!Q$4:Q$64,1))) -> 0 | R45: =countif(($B45:$Q45),1) -> 0 | S45: =countifs(($B45:$Q45),"> 0", ($B45:$Q45),"<4") -> 0 | T45: =countifs(($B45:$Q45),"> 0", ($B45:$Q45),"<6") -> 0
... A65: =Actuals!B65 -> blank21 | B65: =If(Actuals!A65=1,0, IF(Actuals!C65="",0,rank(NetScores!B65,NetScores!B$4:B$64,1))) -> 0 | C65: =If(Actuals!B65=1,0, IF(Actuals!D65="",0,rank(NetScores!C65,NetScores!C$4:C$64,1))) -> 0 | D65: =If(Actuals!C65=1,0, IF(Actuals!E65="",0,rank(NetScores!D65,NetScores!D$4:D$64,1))) -> 0 | E65: =If(Actuals!D65=1,0, IF(Actuals!F65="",0,rank(NetScores!E65,NetScores!E$4:E$64,1))) -> 0 | F65: =If(Actuals!E65=1,0, IF(Actuals!G65="",0,rank(NetScores!F65,NetScores!F$4:F$64,1))) -> 0 | G65: =If(Actuals!F65=1,0, IF(Actuals!H65="",0,rank(NetScores!G65,NetScores!G$4:G$64,1))) -> 0 | H65: =If(Actuals!G65=1,0, IF(Actuals!I65="",0,rank(NetScores!H65,NetScores!H$4:H$64,1))) -> 0 | I65: =If(Actuals!H65=1,0, IF(Actuals!J65="",0,rank(NetScores!I65,NetScores!I$4:I$64,1))) -> 0 | ... Q65: =If(Actuals!P65=1,0, IF(Actuals!R65="",0,rank(NetScores!Q65,NetScores!Q$4:Q$64,1))) -> 0 | R65: =countif(($B65:$Q65),1) -> 0 | S65: =countifs(($B65:$Q65),"> 0", ($B65:$Q65),"<4") -> 0 | T65: =countifs(($B65:$Q65),"> 0", ($B65:$Q65),"<6") -> 0

Sheet MoneyStandings
B1: Week 1 | C1: Week 2 | D1: Week 3 | E1: Week 4 | F1: Week 5 | G1: Week 6 | H1: Week 7 | I1: Week 8 | J1: Week 9 | K1: Week 10 | L1: Week 11 | M1: Week 12 | N1: Week 13 | O1: Week 14 | P1: Week 15 | Q1: Week 16 | R1: Total
B3: Week | C3: Pot | D3: Players | E3: 1st | F3: 2nd | G3: 3rd | H3: 4th | I3: CTP Money | J3: PAR 3s | L3: Players | M3: 1st | N3: 2nd | O3: 3rd | P3: 4th | Q3: CTP Money
B4: 1 | C4: 130 | D4: 13 | E4: =if(D4<8, (round((C4*0.66667)/5,0)*5) , if(D4 < 12, (round(((C4 -15) *0.5)/5,0)*5),(round(((C4 -30) *0.4)/5,0)*5))) -> 40 | F4: =if(D4<8,C4-E4, if(D4<12,round((C4-E4-I4)*0.6/5,0)*5,round((C4-E4-I4)*0.5/5,0)*5)) -> 30 | G4: =if(D4<8,0,if(D4<12,C4-E4-F4-I4,round((C4-E4-F4-I4)*0.6667/5,0)*5)) -> 20 | H4: =C4-E4-F4-G4-I4 -> 10 | I4: =if(D4<8,0,if(D4<12,15,30)) -> 30 | J4: 3 | L4: 1 to 7 | M4: 0.6667 | N4: 0.3333 | O4: 0 | P4: 0 | Q4: 0
B5: 2 | C5: 110 | D5: 11 | E5: =if(D5<8, (round((C5*0.66667)/5,0)*5) , if(D5 < 12, (round(((C5 -10) *0.5)/5,0)*5),(round(((C5 -20) *0.4)/5,0)*5))) -> 50 | F5: =if(D5<8,C5-E5, if(D5<12,round((C5-E5-I5)*0.6/5,0)*5,round((C5-E5-I5)*0.5/5,0)*5)) -> 30 | G5: =if(D5<8,0,if(D5<12,C5-E5-F5-I5,round((C5-E5-F5-I5)*0.6667/5,0)*5)) -> 20 | H5: =C5-E5-F5-G5-I5 -> 0 | I5: =if(D5<8,0,if(D5<12,10,20)) -> 10 | J5: 2 | L5: 8 to 11 | M5: 0.5 | N5: 0.3 | O5: 0.2 | P5: 0 | Q5: 15
B6: 3 | C6: 120 | D6: 12 | E6: =if(D6<8, (round((C6*0.66667)/5,0)*5) , if(D6 < 12, (round(((C6 -15) *0.5)/5,0)*5),(round(((C6 -30) *0.4)/5,0)*5))) -> 35 | F6: =if(D6<8,C6-E6, if(D6<12,round((C6-E6-I6)*0.6/5,0)*5,round((C6-E6-I6)*0.5/5,0)*5)) -> 30 | G6: =if(D6<8,0,if(D6<12,C6-E6-F6-I6,round((C6-E6-F6-I6)*0.6667/5,0)*5)) -> 15 | H6: =C6-E6-F6-G6-I6 -> 10 | I6: =if(D6<8,0,if(D6<12,15,30)) -> 30 | J6: 3 | L6: 12 or more | M6: 0.4 | N6: 0.3 | O6: 0.2 | P6: 0.1 | Q6: 30
B7: 4 | E7: =if(D7<8, (round((C7*0.66667)/5,0)*5) , if(D7 < 12, (round(((C7 -15) *0.5)/5,0)*5),(round(((C7 -30) *0.4)/5,0)*5))) -> 0 | F7: =if(D7<8,C7-E7, if(D7<12,round((C7-E7-I7)*0.6/5,0)*5,round((C7-E7-I7)*0.5/5,0)*5)) -> 0 | G7: =if(D7<8,0,if(D7<12,C7-E7-F7-I7,round((C7-E7-F7-I7)*0.6667/5,0)*5)) -> 0 | H7: =C7-E7-F7-G7-I7 -> 0 | I7: =if(D7<8,0,if(D7<12,15,30)) -> 0 | L7: Values are rounded to $5 increments starting with 1st place
B8: 5 | E8: =if(D8<8, (round((C8*0.66667)/5,0)*5) , if(D8 < 12, (round(((C8 -15) *0.5)/5,0)*5),(round(((C8 -30) *0.4)/5,0)*5))) -> 0 | F8: =if(D8<8,C8-E8, if(D8<12,round((C8-E8-I8)*0.6/5,0)*5,round((C8-E8-I8)*0.5/5,0)*5)) -> 0 | G8: =if(D8<8,0,if(D8<12,C8-E8-F8-I8,round((C8-E8-F8-I8)*0.6667/5,0)*5)) -> 0 | H8: =C8-E8-F8-G8-I8 -> 0 | I8: =if(D8<8,0,if(D8<12,15,30)) -> 0
B9: 6 | E9: =if(D9<8, (round((C9*0.66667)/5,0)*5) , if(D9 < 12, (round(((C9 -15) *0.5)/5,0)*5),(round(((C9 -30) *0.4)/5,0)*5))) -> 0 | F9: =if(D9<8,C9-E9, if(D9<12,round((C9-E9-I9)*0.6/5,0)*5,round((C9-E9-I9)*0.5/5,0)*5)) -> 0 | G9: =if(D9<8,0,if(D9<12,C9-E9-F9-I9,round((C9-E9-F9-I9)*0.6667/5,0)*5)) -> 0 | H9: =C9-E9-F9-G9-I9 -> 0 | I9: =if(D9<8,0,if(D9<12,15,30)) -> 0
B10: 7 | E10: =if(D10<8, (round((C10*0.66667)/5,0)*5) , if(D10 < 12, (round(((C10 -15) *0.5)/5,0)*5),(round(((C10 -30) *0.4)/5,0)*5))) -> 0 | F10: =if(D10<8,C10-E10, if(D10<12,round((C10-E10-I10)*0.6/5,0)*5,round((C10-E10-I10)*0.5/5,0)*5)) -> 0 | G10: =if(D10<8,0,if(D10<12,C10-E10-F10-I10,round((C10-E10-F10-I10)*0.6667/5,0)*5)) -> 0 | H10: =C10-E10-F10-G10-I10 -> 0 | I10: =if(D10<8,0,if(D10<12,15,30)) -> 0
B11: 8 | E11: =if(D11<8, (round((C11*0.66667)/5,0)*5) , if(D11 < 12, (round(((C11 -15) *0.5)/5,0)*5),(round(((C11 -30) *0.4)/5,0)*5))) -> 0 | F11: =if(D11<8,C11-E11, if(D11<12,round((C11-E11-I11)*0.6/5,0)*5,round((C11-E11-I11)*0.5/5,0)*5)) -> 0 | G11: =if(D11<8,0,if(D11<12,C11-E11-F11-I11,round((C11-E11-F11-I11)*0.6667/5,0)*5)) -> 0 | H11: =C11-E11-F11-G11-I11 -> 0 | I11: =if(D11<8,0,if(D11<12,15,30)) -> 0
B12: 9 | E12: =if(D12<8, (round((C12*0.66667)/5,0)*5) , if(D12 < 12, (round(((C12 -15) *0.5)/5,0)*5),(round(((C12 -30) *0.4)/5,0)*5))) -> 0 | F12: =if(D12<8,C12-E12, if(D12<12,round((C12-E12-I12)*0.6/5,0)*5,round((C12-E12-I12)*0.5/5,0)*5)) -> 0 | G12: =if(D12<8,0,if(D12<12,C12-E12-F12-I12,round((C12-E12-F12-I12)*0.6667/5,0)*5)) -> 0 | H12: =C12-E12-F12-G12-I12 -> 0 | I12: =if(D12<8,0,if(D12<12,15,30)) -> 0
B13: 10 | E13: =if(D13<8, (round((C13*0.66667)/5,0)*5) , if(D13 < 12, (round(((C13 -15) *0.5)/5,0)*5),(round(((C13 -30) *0.4)/5,0)*5))) -> 0 | F13: =if(D13<8,C13-E13, if(D13<12,round((C13-E13-I13)*0.6/5,0)*5,round((C13-E13-I13)*0.5/5,0)*5)) -> 0 | G13: =if(D13<8,0,if(D13<12,C13-E13-F13-I13,round((C13-E13-F13-I13)*0.6667/5,0)*5)) -> 0 | H13: =C13-E13-F13-G13-I13 -> 0 | I13: =if(D13<8,0,if(D13<12,15,30)) -> 0
B14: 11 | E14: =if(D14<8, (round((C14*0.66667)/5,0)*5) , if(D14 < 12, (round(((C14 -15) *0.5)/5,0)*5),(round(((C14 -30) *0.4)/5,0)*5))) -> 0 | F14: =if(D14<8,C14-E14, if(D14<12,round((C14-E14-I14)*0.6/5,0)*5,round((C14-E14-I14)*0.5/5,0)*5)) -> 0 | G14: =if(D14<8,0,if(D14<12,C14-E14-F14-I14,round((C14-E14-F14-I14)*0.6667/5,0)*5)) -> 0 | H14: =C14-E14-F14-G14-I14 -> 0 | I14: =if(D14<8,0,if(D14<12,15,30)) -> 0
B15: 12 | E15: =if(D15<8, (round((C15*0.66667)/5,0)*5) , if(D15 < 12, (round(((C15 -15) *0.5)/5,0)*5),(round(((C15 -30) *0.4)/5,0)*5))) -> 0 | F15: =if(D15<8,C15-E15, if(D15<12,round((C15-E15-I15)*0.6/5,0)*5,round((C15-E15-I15)*0.5/5,0)*5)) -> 0 | G15: =if(D15<8,0,if(D15<12,C15-E15-F15-I15,round((C15-E15-F15-I15)*0.6667/5,0)*5)) -> 0 | H15: =C15-E15-F15-G15-I15 -> 0 | I15: =if(D15<8,0,if(D15<12,15,30)) -> 0
B16: 13 | E16: =if(D16<8, (round((C16*0.66667)/5,0)*5) , if(D16 < 12, (round(((C16 -15) *0.5)/5,0)*5),(round(((C16 -30) *0.4)/5,0)*5))) -> 0 | F16: =if(D16<8,C16-E16, if(D16<12,round((C16-E16-I16)*0.6/5,0)*5,round((C16-E16-I16)*0.5/5,0)*5)) -> 0 | G16: =if(D16<8,0,if(D16<12,C16-E16-F16-I16,round((C16-E16-F16-I16)*0.6667/5,0)*5)) -> 0 | H16: =C16-E16-F16-G16-I16 -> 0 | I16: =if(D16<8,0,if(D16<12,15,30)) -> 0
B17: 14 | E17: =if(D17<8, (round((C17*0.66667)/5,0)*5) , if(D17 < 12, (round(((C17 -15) *0.5)/5,0)*5),(round(((C17 -30) *0.4)/5,0)*5))) -> 0 | F17: =if(D17<8,C17-E17, if(D17<12,round((C17-E17-I17)*0.6/5,0)*5,round((C17-E17-I17)*0.5/5,0)*5)) -> 0 | G17: =if(D17<8,0,if(D17<12,C17-E17-F17-I17,round((C17-E17-F17-I17)*0.6667/5,0)*5)) -> 0 | H17: =C17-E17-F17-G17-I17 -> 0 | I17: =if(D17<8,0,if(D17<12,15,30)) -> 0
B18: 15 | E18: =if(D18<8, (round((C18*0.66667)/5,0)*5) , if(D18 < 12, (round(((C18 -15) *0.5)/5,0)*5),(round(((C18 -30) *0.4)/5,0)*5))) -> 0 | F18: =if(D18<8,C18-E18, if(D18<12,round((C18-E18-I18)*0.6/5,0)*5,round((C18-E18-I18)*0.5/5,0)*5)) -> 0 | G18: =if(D18<8,0,if(D18<12,C18-E18-F18-I18,round((C18-E18-F18-I18)*0.6667/5,0)*5)) -> 0 | H18: =C18-E18-F18-G18-I18 -> 0 | I18: =if(D18<8,0,if(D18<12,15,30)) -> 0
B19: 16 | E19: =if(D19<8, (round((C19*0.66667)/5,0)*5) , if(D19 < 12, (round(((C19 -15) *0.5)/5,0)*5),(round(((C19 -30) *0.4)/5,0)*5))) -> 0 | F19: =if(D19<8,C19-E19, if(D19<12,round((C19-E19-I19)*0.6/5,0)*5,round((C19-E19-I19)*0.5/5,0)*5)) -> 0 | G19: =if(D19<8,0,if(D19<12,C19-E19-F19-I19,round((C19-E19-F19-I19)*0.6667/5,0)*5)) -> 0 | H19: =C19-E19-F19-G19-I19 -> 0 | I19: =if(D19<8,0,if(D19<12,15,30)) -> 0
... B21: 18 | E21: =if(D21<8, (round((C21*0.66667)/5,0)*5) , if(D21 < 12, (round(((C21 -15) *0.5)/5,0)*5),(round(((C21 -30) *0.4)/5,0)*5))) -> 0 | F21: =if(D21<8,C21-E21, if(D21<12,round((C21-E21-I21)*0.6/5,0)*5,round((C21-E21-I21)*0.5/5,0)*5)) -> 0 | G21: =if(D21<8,0,if(D21<12,C21-E21-F21-I21,round((C21-E21-F21-I21)*0.6667/5,0)*5)) -> 0 | H21: =C21-E21-F21-G21-I21 -> 0 | I21: =if(D21<8,0,if(D21<12,15,30)) -> 0
B24: Money Standings - Fill Winnings in Manually
A27: Player | B27: Week 1 | C27: Week 2 | D27: Week 3 | E27: Week 4 | F27: Week 5 | G27: Week 6 | H27: Week 7 | I27: Week 8 | J27: Week 9 | K27: Week 10 | L27: Week 11 | M27: Week 12 | N27: Week 13 | O27: Week 14 | P27: Week 15 | Q27: Week 16 | R27: Total
A28: =Actuals!B4 -> Adrian C | R28: =sum(B28:Q28) -> 0
A29: =Actuals!B5 -> Alan D | R29: =sum(B29:Q29) -> 0
A30: =Actuals!B6 -> Baxter C | R30: =sum(B30:Q30) -> 0
A31: =Actuals!B7 -> Bill Morton | R31: =sum(B31:Q31) -> 0
A32: =Actuals!B8 -> Brian M | R32: =sum(B32:Q32) -> 0
A33: =Actuals!B9 -> Bruce Marburger | R33: =sum(B33:Q33) -> 0
A34: =Actuals!B10 -> Cole L | R34: =sum(B34:Q34) -> 0
A35: =Actuals!B11 -> Danny C | R35: =sum(B35:Q35) -> 0
A36: =Actuals!B12 -> Eddie G | R36: =sum(B36:Q36) -> 0
A37: =Actuals!B13 -> Grant G | R37: =sum(B37:Q37) -> 0
A38: =Actuals!B14 -> Jeff H | R38: =sum(B38:Q38) -> 0
A39: =Actuals!B15 -> Jenna T | R39: =sum(B39:Q39) -> 0
... A88: =Actuals!B64 -> blank20 | R88: =sum(B88:Q88) -> 0
A89: =Actuals!B65 -> blank21

Sheet Points Standings
F1: I got to work on this page still
A2: RANK | B2: Player | C2: Points | D2: (-) 1st | E2: (+/-) 8th
A3: 1 | B3: {=index(Points!$A:$S,match(A3,Points!S:S,0),1,0)} -> Brian M | C3: {=index(Points!$A:$S,match(A3,Points!S:S,0),20,0)} -> #NUM! | D3: =C3-$C$3 -> #NUM! | E3: =C3-$C$10 -> #NUM!
A4: 2 | B4: {=index(Points!$A:$S,match(A4,Points!S:S,0),1,0)} -> Marc C | C4: {=index(Points!$A:$S,match(A4,Points!S:S,0),20,0)} -> #NUM! | D4: =C4-$C$3 -> #NUM! | E4: =C4-$C$10 -> #NUM!
A5: 3 | B5: {=index(Points!$A:$S,match(A5,Points!S:S,0),1,0)} -> Walt S | C5: {=index(Points!$A:$S,match(A5,Points!S:S,0),20,0)} -> #NUM! | D5: =C5-$C$3 -> #NUM! | E5: =C5-$C$10 -> #NUM!
A6: 4 | B6: {=index(Points!$A:$S,match(A6,Points!S:S,0),1,0)} -> Cam King | C6: {=index(Points!$A:$S,match(A6,Points!S:S,0),20,0)} -> #NUM! | D6: =C6-$C$3 -> #NUM! | E6: =C6-$C$10 -> #NUM!
A7: 5 | B7: {=index(Points!$A:$S,match(A7,Points!S:S,0),1,0)} -> Luke W | C7: {=index(Points!$A:$S,match(A7,Points!S:S,0),20,0)} -> #NUM! | D7: =C7-$C$3 -> #NUM! | E7: =C7-$C$10 -> #NUM!
A8: 6 | B8: {=index(Points!$A:$S,match(A8,Points!S:S,0),1,0)} -> Preston C | C8: {=index(Points!$A:$S,match(A8,Points!S:S,0),20,0)} -> #NUM! | D8: =C8-$C$3 -> #NUM! | E8: =C8-$C$10 -> #NUM!
A9: 7 | B9: {=index(Points!$A:$S,match(A9,Points!S:S,0),1,0)} -> Jon L | C9: {=index(Points!$A:$S,match(A9,Points!S:S,0),20,0)} -> #NUM! | D9: =C9-$C$3 -> #NUM! | E9: =C9-$C$10 -> #NUM!
A10: 8 | B10: {=index(Points!$A:$S,match(A10,Points!S:S,0),1,0)} -> Tanner Brown | C10: {=index(Points!$A:$S,match(A10,Points!S:S,0),20,0)} -> #NUM! | D10: =C10-$C$3 -> #NUM! | E10: =C10-$C$10 -> #NUM!
A11: 9 | B11: {=index(Points!$A:$S,match(A11,Points!S:S,0),1,0)} -> Mark M | C11: {=index(Points!$A:$S,match(A11,Points!S:S,0),20,0)} -> #NUM! | D11: =C11-$C$3 -> #NUM! | E11: =C11-$C$10 -> #NUM!
A12: 10 | B12: {=index(Points!$A:$S,match(A12,Points!S:S,0),1,0)} -> Francisco | C12: {=index(Points!$A:$S,match(A12,Points!S:S,0),20,0)} -> #NUM! | D12: =C12-$C$3 -> #NUM! | E12: =C12-$C$10 -> #NUM!
A13: 11 | B13: {=index(Points!$A:$S,match(A13,Points!S:S,0),1,0)} -> Rich | C13: {=index(Points!$A:$S,match(A13,Points!S:S,0),20,0)} -> #NUM! | D13: =C13-$C$3 -> #NUM! | E13: =C13-$C$10 -> #NUM!
A14: 12 | B14: {=index(Points!$A:$S,match(A14,Points!S:S,0),1,0)} -> Dan K | C14: {=index(Points!$A:$S,match(A14,Points!S:S,0),20,0)} -> #NUM! | D14: =C14-$C$3 -> #NUM! | E14: =C14-$C$10 -> #NUM!
A15: 13
A16: 14
A17: 15
A18: 16
A19: 17
A20: 18
A21: 19
A22: 20
A23: 21
A24: 22
A25: 23 | B25: {=index(Points!$A:$S,match(A25,Points!S:S,0),1,0)} -> #N/A | C25: {=index(Points!$A:$S,match(A25,Points!S:S,0),20,0)} -> #N/A | D25: =C25-$C$3 -> #N/A | E25: =C25-$C$10 -> #N/A
A26: 24 | B26: {=index(Points!$A:$S,match(A26,Points!S:S,0),1,0)} -> #N/A | C26: {=index(Points!$A:$S,match(A26,Points!S:S,0),20,0)} -> #N/A | D26: =C26-$C$3 -> #N/A | E26: =C26-$C$10 -> #N/A
A27: 25 | B27: {=index(Points!$A:$S,match(A27,Points!S:S,0),1,0)} -> #N/A | C27: {=index(Points!$A:$S,match(A27,Points!S:S,0),20,0)} -> #N/A | D27: =C27-$C$3 -> #N/A | E27: =C27-$C$10 -> #N/A
A28: 26 | B28: {=index(Points!$A:$S,match(A28,Points!S:S,0),1,0)} -> #N/A | C28: {=index(Points!$A:$S,match(A28,Points!S:S,0),20,0)} -> #N/A | D28: =C28-$C$3 -> #N/A | E28: =C28-$C$10 -> #N/A
A29: 27 | B29: {=index(Points!$A:$S,match(A29,Points!S:S,0),1,0)} -> #N/A | C29: {=index(Points!$A:$S,match(A29,Points!S:S,0),20,0)} -> #N/A | D29: =C29-$C$3 -> #N/A | E29: =C29-$C$10 -> #N/A
A30: 28 | B30: {=index(Points!$A:$S,match(A30,Points!S:S,0),1,0)} -> #N/A | C30: {=index(Points!$A:$S,match(A30,Points!S:S,0),20,0)} -> #N/A | D30: =C30-$C$3 -> #N/A | E30: =C30-$C$10 -> #N/A
A31: 29 | B31: {=index(Points!$A:$S,match(A31,Points!S:S,0),1,0)} -> #N/A | C31: {=index(Points!$A:$S,match(A31,Points!S:S,0),20,0)} -> #N/A | D31: =C31-$C$3 -> #N/A | E31: =C31-$C$10 -> #N/A
A32: 30 | B32: {=index(Points!$A:$S,match(A32,Points!S:S,0),1,0)} -> #N/A | C32: {=index(Points!$A:$S,match(A32,Points!S:S,0),20,0)} -> #N/A | D32: =C32-$C$3 -> #N/A | E32: =C32-$C$10 -> #N/A
A33: 31 | B33: {=index(Points!$A:$S,match(A33,Points!S:S,0),1,0)} -> #N/A | C33: {=index(Points!$A:$S,match(A33,Points!S:S,0),20,0)} -> #N/A | D33: =C33-$C$3 -> #N/A | E33: =C33-$C$10 -> #N/A
A34: 32 | B34: {=index(Points!$A:$S,match(A34,Points!S:S,0),1,0)} -> #N/A | C34: {=index(Points!$A:$S,match(A34,Points!S:S,0),20,0)} -> #N/A | D34: =C34-$C$3 -> #N/A | E34: =C34-$C$10 -> #N/A
